Date,Day,Month,Year,Income,Source,Expense,Description,Debt_Amount,Debt_To,Detail_Hutang
2024-06-01,1,6,2024,0.0,,0.0,30000,0.0,,
2024-06-01,1,6,2024,0.0,,20000.0,Bensin,11000.0,Naura,Naura (11000)
2024-06-01,1,6,2024,200000.0,Mak,10000.0,Makan sop pak min,12000.0,Abdi,Abdi (12000)
2024-06-02,2,6,2024,0.0,,0.0,63000,424200.0,137300,137300 (424200)
2024-06-02,2,6,2024,0.0,,2000.0,Parkir,0.0,,
2024-06-02,2,6,2024,0.0,,7000.0,Makan Pagi,0.0,,
2024-06-02,2,6,2024,0.0,,10000.0,Makan Malam,0.0,Jajan,Jajan (0)
2024-06-02,2,6,2024,0.0,,15000.0,Makan Siang,0.0,,
2024-06-02,2,6,2024,0.0,,29000.0,Utang Mumut (Rabes Schotival),0.0,,
2024-06-03,3,6,2024,0.0,,0.0,66000,0.0,,
2024-06-03,3,6,2024,0.0,,5000.0,Minum,0.0,,
2024-06-03,3,6,2024,0.0,,5000.0,Es Krim,0.0,,
2024-06-03,3,6,2024,0.0,,8000.0,Roti,0.0,,
2024-06-03,3,6,2024,0.0,,10000.0,Makan malem,0.0,,
2024-06-03,3,6,2024,0.0,,12000.0,Utang bubur selvi,0.0,,
2024-06-03,3,6,2024,0.0,,20000.0,bensin,0.0,,
2024-06-03,3,6,2024,50000.0,Joki tugas Ryan,6000.0,Sarapan,0.0,,
2024-06-04,4,6,2024,0.0,,0.0,36500,0.0,,
2024-06-04,4,6,2024,0.0,,7000.0,Sempol,0.0,,
2024-06-04,4,6,2024,0.0,,7500.0,Larutan Kaki Tiga,0.0,,
2024-06-04,4,6,2024,0.0,,13000.0,Makan malem,0.0,,
2024-06-04,4,6,2024,200000.0,Ayah,9000.0,Makan,0.0,,
2024-06-05,5,6,2024,0.0,,0.0,93000,0.0,,
2024-06-05,5,6,2024,0.0,,500.0,ngeprint,0.0,,
2024-06-05,5,6,2024,0.0,,3000.0,Jajan,0.0,,
2024-06-05,5,6,2024,0.0,,4000.0,Larutan,0.0,,
2024-06-05,5,6,2024,0.0,,6000.0,Sego Cokot,0.0,,
2024-06-05,5,6,2024,0.0,,6000.0,Procold flu,0.0,,
2024-06-05,5,6,2024,0.0,,10000.0,Vitamin,0.0,,
2024-06-05,5,6,2024,0.0,,13500.0,Telor,0.0,,
2024-06-05,5,6,2024,0.0,,15000.0,Nyuci motor,0.0,,
2024-06-05,5,6,2024,0.0,,16000.0,Makan siang,0.0,,
2024-06-05,5,6,2024,0.0,,19000.0,Galon,0.0,,
2024-06-06,6,6,2024,0.0,,0.0,56500,0.0,,
2024-06-06,6,6,2024,0.0,,1500.0,Ngeprint,0.0,,
2024-06-06,6,6,2024,0.0,,4000.0,Larutan,0.0,,
2024-06-06,6,6,2024,0.0,,4000.0,Bakso,0.0,,
2024-06-06,6,6,2024,0.0,,5000.0,Nasi,0.0,,
2024-06-06,6,6,2024,0.0,,11000.0,Makan siang,0.0,,
2024-06-06,6,6,2024,0.0,,11000.0, Makan malem,0.0,,
2024-06-06,6,6,2024,0.0,,20000.0,Bensin,0.0,,
2024-06-07,7,6,2024,0.0,,0.0,76000,0.0,,
2024-06-07,7,6,2024,0.0,,10000.0,Makan Siang,0.0,,
2024-06-07,7,6,2024,0.0,,11000.0,Sarapan,0.0,,
2024-06-07,7,6,2024,0.0,,15000.0,Makan malem,0.0,,
2024-06-07,7,6,2024,0.0,,40000.0,Cukur,0.0,,
2024-06-08,8,6,2024,0.0,,0.0,24000,0.0,,
2024-06-08,8,6,2024,0.0,,7000.0,Cilok,0.0,,
2024-06-08,8,6,2024,0.0,,10000.0,Pukis,0.0,,
2024-06-08,8,6,2024,200000.0,Mak,7000.0,Sarapan,0.0,,
2024-06-09,9,6,2024,0.0,,0.0,43000,0.0,,
2024-06-09,9,6,2024,0.0,,2000.0,Parkir,0.0,,
2024-06-09,9,6,2024,0.0,,7000.0,Sarapan,0.0,,
2024-06-09,9,6,2024,0.0,,14000.0,Makan Siang,0.0,,
2024-06-09,9,6,2024,0.0,,20000.0,Bensin,0.0,,
2024-06-10,10,6,2024,0.0,,0.0,38000,0.0,,
2024-06-10,10,6,2024,0.0,,2000.0,Ngisi Angin,0.0,,
2024-06-10,10,6,2024,0.0,,8000.0,Sarapan,0.0,,
2024-06-10,10,6,2024,0.0,,12000.0,Makan Malem,0.0,,
2024-06-10,10,6,2024,0.0,,16000.0,Makan Siang,0.0,,
2024-06-11,11,6,2024,0.0,,0.0,60000,0.0,,
2024-06-11,11,6,2024,0.0,,500.0,Kresek,0.0,,
2024-06-11,11,6,2024,0.0,,2000.0,Parkir,0.0,,
2024-06-11,11,6,2024,0.0,,6000.0,Sosis,0.0,,
2024-06-11,11,6,2024,0.0,,6200.0,Mie,0.0,,
2024-06-11,11,6,2024,0.0,,7300.0,Tictac,0.0,,
2024-06-11,11,6,2024,0.0,,14000.0,Piutang Selvi,0.0,,
2024-06-11,11,6,2024,0.0,,16000.0,Makan Siang,0.0,,
2024-06-11,11,6,2024,200000.0,,8000.0,Sarapan,0.0,,
2024-06-12,12,6,2024,0.0,,0.0,28000,0.0,,
2024-06-12,12,6,2024,0.0,,8000.0,Sarapan,0.0,,
2024-06-12,12,6,2024,0.0,,9000.0,Makan Malem,0.0,,
2024-06-12,12,6,2024,0.0,,11000.0,Makan Siang,0.0,,
2024-06-13,13,6,2024,0.0,,0.0,64000,0.0,,
2024-06-13,13,6,2024,0.0,,1000.0,Parkir,0.0,,
2024-06-13,13,6,2024,0.0,,9000.0,Sarapan,0.0,,
2024-06-13,13,6,2024,0.0,,9000.0,Bultang,0.0,,
2024-06-13,13,6,2024,0.0,,10000.0,Makan Siang,0.0,,
2024-06-13,13,6,2024,0.0,,15000.0,Makan malem,0.0,,
2024-06-13,13,6,2024,0.0,,20000.0,Bensin,0.0,,
2024-06-14,14,6,2024,0.0,,0.0,21000,0.0,,
2024-06-14,14,6,2024,0.0,,8000.0,Sarapan,0.0,,
2024-06-14,14,6,2024,0.0,,13000.0,Makan Malem,0.0,,
2024-06-15,15,6,2024,0.0,,0.0,50000,0.0,,
2024-06-15,15,6,2024,0.0,,3000.0,Aice,0.0,,
2024-06-15,15,6,2024,0.0,,5000.0,Tahu Bulat,0.0,,
2024-06-15,15,6,2024,0.0,,7000.0,Sarapan,0.0,,
2024-06-15,15,6,2024,0.0,,11000.0,Makan Siang,0.0,,
2024-06-15,15,6,2024,0.0,,11000.0,Makan Malem,0.0,,
2024-06-15,15,6,2024,0.0,,13000.0,Roti Bakar,0.0,,
2024-06-16,16,6,2024,0.0,,0.0,21000,0.0,,
2024-06-16,16,6,2024,0.0,,4000.0,Mie,0.0,,
2024-06-16,16,6,2024,0.0,,7000.0,Telor,0.0,,
2024-06-16,16,6,2024,0.0,,10000.0,Nasi,0.0,,
2024-06-17,17,6,2024,0.0,,0.0,70000,0.0,,
2024-06-17,17,6,2024,0.0,,24000.0,Bubur (ama nau),0.0,,
2024-06-17,17,6,2024,0.0,,46000.0,Bensin,0.0,,
2024-06-17,17,6,2024,200000.0,Ayah,3000.0,Parkir Masjid Jami',0.0,,
2024-06-18,18,6,2024,0.0,,0.0,129000,0.0,,
2024-06-18,18,6,2024,0.0,,27000.0,Pulsa,0.0,,
2024-06-18,18,6,2024,0.0,,90000.0,Servis,0.0,,
2024-06-18,18,6,2024,200000.0,Ayah,12000.0,Bensin,0.0,,
2024-06-19,19,6,2024,0.0,,0.0,530000,0.0,,
2024-06-19,19,6,2024,450000.0,Ayah,530000.0,Ngirim Motor,0.0,,
2024-06-20,20,6,2024,250000.0,,0.0,,0.0,,
2024-06-21,21,6,2024,0.0,,0.0,77000,0.0,,
2024-06-21,21,6,2024,0.0,,12000.0,Seblak,0.0,,
2024-06-21,21,6,2024,0.0,,20000.0,Pop Mie (ama Farhah),0.0,,
2024-06-21,21,6,2024,0.0,,45000.0,Gocar,0.0,,
2024-06-23,23,6,2024,0.0,,0.0,Susu Mbok Darmi,0.0,,
2024-06-23,23,6,2024,0.0,,0.0,30000,0.0,,
2024-06-23,23,6,2024,0.0,,5000.0,Es krim,0.0,,
2024-06-23,23,6,2024,0.0,,25000.0,WingStop,0.0,,
2024-06-25,25,6,2024,0.0,,0.0,41000,0.0,,
2024-06-25,25,6,2024,0.0,,3000.0,Esteh ,0.0,,
2024-06-25,25,6,2024,0.0,,8000.0,Badmin,0.0,,
2024-06-25,25,6,2024,0.0,,10000.0,Parkir,0.0,,
2024-06-25,25,6,2024,0.0,,20000.0,Makan,0.0,,
2024-06-26,26,6,2024,0.0,,5000.0,Bakso Bakar,0.0,,
2024-06-26,26,6,2024,0.0,,13000.0,Kebab,0.0,,
2024-06-29,29,6,2024,0.0,,60000.0,Sunscreen,0.0,,
2024-07-01,1,7,2024,2220000.0,Sisa Bulan Lalu,150000.0,Bakso,0.0,,
2024-07-20,20,7,2024,0.0,,50000.0,Jajan,0.0,,
2024-07-20,20,7,2024,0.0,,100000.0,Jajan,0.0,,
2024-07-22,22,7,2024,0.0,,50000.0,Air putih lagi,75000.0,58000,58000 (75000)
2024-07-22,22,7,2024,0.0,,70000.0,Air putih,0.0,Jajan,Jajan (0)
2024-07-22,22,7,2024,0.0,,100000.0,Jasuke,0.0,,
2024-07-27,27,7,2024,0.0,,270000.0,Pecel Ayam,0.0,,
2024-07-29,29,7,2024,0.0,,70000.0,Jajan di kantin,0.0,,
2024-07-29,29,7,2024,0.0,,140000.0,Jajan FGTS,0.0,,
2024-07-30,30,7,2024,0.0,,130000.0,Spaghetti,0.0,,
2024-07-30,30,7,2024,0.0,,200000.0,Wing Stop,0.0,,
2024-07-31,31,7,2024,0.0,,20000.0,Parkir,0.0,,
2024-07-31,31,7,2024,0.0,,150000.0,Bensin,0.0,,
2024-07-31,31,7,2024,0.0,,315000.0,Lupa,0.0,,
2024-08-01,1,8,2024,0.0,,11000.0,Gojek,667500.0,223600,223600 (667500)
2024-08-01,1,8,2024,0.0,,24000.0,Minum,0.0,Jajan,Jajan (0)
2024-08-01,1,8,2024,500000.0,Ayah,42000.0,Makan,0.0,,
2024-08-01,1,8,2024,925000.0,Sisa Bulan Lalu,0.0,,15000.0,Dapa,Dapa (15000)
2024-08-03,3,8,2024,0.0,,8500.0,Jajanin calla,0.0,,
2024-08-03,3,8,2024,0.0,,13000.0,Roti'O,0.0,,
2024-08-03,3,8,2024,0.0,,74500.0,Jajan di jalan,0.0,,
2024-08-03,3,8,2024,3500000.0,Ayah,15000.0,Nasgor,0.0,,
2024-08-05,5,8,2024,0.0,,20000.0,Galon,0.0,,
2024-08-05,5,8,2024,2000000.0,Emak,30000.0,Bensin,0.0,,
2024-08-06,6,8,2024,0.0,,10000.0,Cilok,0.0,,
2024-08-06,6,8,2024,0.0,,10000.0,Makan malem,0.0,,
2024-08-07,7,8,2024,0.0,,2000.0,Parkir,0.0,,
2024-08-07,7,8,2024,0.0,,5000.0,Sarapan,0.0,,
2024-08-07,7,8,2024,0.0,,9500.0,Jajan,0.0,,
2024-08-07,7,8,2024,0.0,,15000.0,Bayar utang dapa,0.0,,
2024-08-07,7,8,2024,0.0,,18600.0,Minuman,0.0,,
2024-08-07,7,8,2024,0.0,,20000.0,Bensin,0.0,,
2024-08-08,8,8,2024,0.0,,6000.0,Makan pagi,0.0,,
2024-08-08,8,8,2024,0.0,,14000.0,Makan malem,0.0,,
2024-08-08,8,8,2024,0.0,,21000.0,Minuman,0.0,,
2024-08-09,9,8,2024,0.0,,5000.0,Laundry,0.0,,
2024-08-09,9,8,2024,0.0,,8000.0,Makan pagi,0.0,,
2024-08-09,9,8,2024,0.0,,8400.0,Tisu,0.0,,
2024-08-09,9,8,2024,0.0,,25000.0,Bensin,0.0,,
2024-08-11,11,8,2024,0.0,,7000.0,Buah,0.0,,
2024-08-11,11,8,2024,1750000.0,Emak,25000.0,Bensin,0.0,,
2024-08-12,12,8,2024,0.0,,13000.0,Makan Malem,0.0,,
2024-08-12,12,8,2024,760000.0,Joki,11000.0,Makan Siang,0.0,,
2024-08-13,13,8,2024,0.0,,2000.0,Bumbu racik,0.0,,
2024-08-13,13,8,2024,0.0,,4000.0,Nasi,0.0,,
2024-08-13,13,8,2024,0.0,,6500.0,Mie,0.0,,
2024-08-13,13,8,2024,0.0,,7000.0,Cimory,0.0,,
2024-08-13,13,8,2024,0.0,,7000.0,Telor,0.0,,
2024-08-13,13,8,2024,0.0,,8000.0,Nasi,0.0,,
2024-08-13,13,8,2024,0.0,,10500.0,Makan Malem,0.0,,
2024-08-13,13,8,2024,0.0,,11000.0,Bayar utang nau,0.0,,
2024-08-13,13,8,2024,0.0,,16000.0,Makan malem,0.0,,
2024-08-13,13,8,2024,0.0,,20000.0,Bensin,0.0,,
2024-08-13,13,8,2024,0.0,,40000.0,Cukur,0.0,,
2024-08-14,14,8,2024,0.0,,7000.0,Sarapan,0.0,,
2024-08-14,14,8,2024,0.0,,12000.0,Makan malem,0.0,,
2024-08-14,14,8,2024,0.0,,20000.0,Bensin,0.0,,
2024-08-17,17,8,2024,0.0,,12000.0,Sego cokot,0.0,,
2024-08-18,18,8,2024,0.0,,10000.0,Makan malem,0.0,,
2024-08-18,18,8,2024,0.0,,20000.0,Bensin,0.0,,
2024-08-19,19,8,2024,0.0,,6000.0,Sego cokot,0.0,,
2024-08-19,19,8,2024,0.0,,12000.0,Makan siang,0.0,,
2024-08-19,19,8,2024,0.0,,19000.0,Makan malem,0.0,,
2024-08-20,20,8,2024,0.0,,4000.0,Mochi ,0.0,,
2024-08-20,20,8,2024,0.0,,5500.0,Mie,0.0,,
2024-08-20,20,8,2024,0.0,,7500.0,Susu,0.0,,
2024-08-20,20,8,2024,0.0,,8000.0,Makan pagi,0.0,,
2024-08-20,20,8,2024,0.0,,14000.0,Makan siang,0.0,,
2024-08-20,20,8,2024,0.0,,30000.0,Bensin,0.0,,
2024-08-21,21,8,2024,0.0,,6000.0,Sego cokot,0.0,,
2024-08-21,21,8,2024,0.0,,6000.0,Jajan,0.0,,
2024-08-21,21,8,2024,0.0,,10000.0,Makan malem,0.0,,
2024-08-21,21,8,2024,0.0,,16000.0,Makan siang,0.0,,
2024-08-22,22,8,2024,0.0,,2000.0,Parkir,0.0,,
2024-08-22,22,8,2024,0.0,,6000.0,Makan pagi,0.0,,
2024-08-22,22,8,2024,0.0,,8000.0,Makan siang,0.0,,
2024-08-22,22,8,2024,0.0,,12000.0,Makan malem,0.0,,
2024-08-22,22,8,2024,0.0,,18000.0,Bayarin kak ran dulu,0.0,,
2024-08-22,22,8,2024,0.0,,20000.0,Minuman,0.0,,
2024-08-23,23,8,2024,0.0,,10000.0,Makan siang,0.0,,
2024-08-23,23,8,2024,0.0,,13000.0,Makan malem,0.0,,
2024-08-23,23,8,2024,0.0,,15000.0,Bayarin selvi dluu,0.0,,
2024-08-23,23,8,2024,2000000.0,Ayah,6000.0,Sego cokot,0.0,,
2024-08-24,24,8,2024,0.0,,3000.0,Nasi,0.0,,
2024-08-24,24,8,2024,0.0,,5000.0,Sabun,0.0,,
2024-08-24,24,8,2024,0.0,,5500.0,Peanut pie,0.0,,
2024-08-24,24,8,2024,0.0,,9500.0,Chuba,0.0,,
2024-08-24,24,8,2024,0.0,,10000.0,Makan siang,0.0,,
2024-08-24,24,8,2024,0.0,,12000.0,Makan malem,0.0,,
2024-08-24,24,8,2024,0.0,,24000.0,Shampoo,0.0,,
2024-08-25,25,8,2024,0.0,,8000.0,Makan pagi,0.0,,
2024-08-25,25,8,2024,0.0,,8000.0,Jajan,0.0,,
2024-08-25,25,8,2024,0.0,,10000.0,Nyuci motor,0.0,,
2024-08-25,25,8,2024,0.0,,11000.0,Makan malem,0.0,,
2024-08-25,25,8,2024,0.0,,25000.0,Bensin,0.0,,
2024-08-26,26,8,2024,0.0,,5000.0,Mochi,0.0,,
2024-08-26,26,8,2024,0.0,,7000.0,Cilok,0.0,,
2024-08-26,26,8,2024,0.0,,10000.0,Makan pagi,0.0,,
2024-08-26,26,8,2024,0.0,,12000.0,Makan siang,0.0,,
2024-08-27,27,8,2024,0.0,Ayah,2000.0,Parkir,0.0,,
2024-08-27,27,8,2024,0.0,,8000.0,Makan Siang,0.0,,
2024-08-27,27,8,2024,0.0,,15000.0,Makan malem,0.0,,
2024-08-27,27,8,2024,3100000.0,,12000.0,Makan pagi,0.0,,
2024-08-28,28,8,2024,0.0,,4000.0,Piscok,0.0,,
2024-08-28,28,8,2024,0.0,,6000.0,Makan pagi,0.0,,
2024-08-28,28,8,2024,0.0,,6000.0,Mie,0.0,,
2024-08-28,28,8,2024,0.0,,13000.0,Makan siang,0.0,,
2024-08-29,29,8,2024,0.0,,0.0,Makan siang,0.0,,
2024-08-29,29,8,2024,0.0,,7000.0,Makan pagi,0.0,,
2024-08-29,29,8,2024,0.0,,7000.0,Piscok,0.0,,
2024-08-29,29,8,2024,0.0,,14000.0,Makan malem,0.0,,
2024-08-29,29,8,2024,0.0,,17000.0,Utang mumut,0.0,,
2024-08-29,29,8,2024,0.0,,25000.0,Bensin,0.0,,
2024-08-30,30,8,2024,0.0,,5000.0,Es teh,0.0,,
2024-08-30,30,8,2024,0.0,,23000.0,Makan malem,0.0,,
2024-08-30,30,8,2024,0.0,,26000.0,Utang lidya nada,0.0,,
2024-08-30,30,8,2024,170000.0,,13000.0,Makan siang,0.0,,
2024-08-31,31,8,2024,0.0,,2000.0,Ada di dana,0.0,,
2024-08-31,31,8,2024,0.0,,3000.0,Parkir,0.0,,
2024-08-31,31,8,2024,0.0,,20000.0,Galon,0.0,,
2024-08-31,31,8,2024,0.0,,24000.0,Makan malem,0.0,,
2024-08-31,31,8,2024,280000.0,,7000.0,Makan pagi,0.0,,
2024-09-01,1,9,2024,0.0,,7000.0,Makan pagi,15000.0,roman,roman (15000)
2024-09-01,1,9,2024,0.0,,9000.0,Makan siang,6000.0,zuher,zuher (6000)
2024-09-01,1,9,2024,0.0,,12000.0,Makan malem,2000.0,roman,roman (2000)
2024-09-01,1,9,2024,0.0,,20000.0,Bensin,14600.0,Roman,Roman (14600)
2024-09-01,1,9,2024,0.0,,45000.0,Bayarin skotipal,10000.0,Dimas,Dimas (10000)
2024-09-01,1,9,2024,1160000.0,Sisa,0.0,,15000.0,dimas,dimas (15000)
2024-09-02,2,9,2024,0.0,,0.0,,1000.0,Ryan,Ryan (1000)
2024-09-02,2,9,2024,0.0,,9000.0,Makan siang,3000.0,Selvi,Selvi (3000)
2024-09-02,2,9,2024,2000000.0,Ayah,6000.0,Sego cokot,29000.0,Dapa,Dapa (29000)
2024-09-03,3,9,2024,0.0,,5000.0,Cilok,5000.0,Ryan,Ryan (5000)
2024-09-03,3,9,2024,0.0,,5000.0,tusuk sate,0.0,,
2024-09-03,3,9,2024,0.0,,13000.0,Makan pagi,8000.0,Eskrim ,Eskrim  (8000)
2024-09-03,3,9,2024,0.0,,20000.0,Bensin,1000.0,Exel boy,Exel boy (1000)
2024-09-04,4,9,2024,0.0,,3500.0,Tahu isi,0.0,,
2024-09-04,4,9,2024,0.0,,6000.0,Pisang nugget,720500.0,194000,194000 (720500)
2024-09-04,4,9,2024,0.0,,13000.0,Makan siang,0.0,,
2024-09-04,4,9,2024,0.0,,14000.0,Makan malem,0.0,,
2024-09-04,4,9,2024,80000.0,,9000.0,Bayarin mut dlu,0.0,Jajan,Jajan (0)
2024-09-05,5,9,2024,0.0,,3500.0,danus,0.0,,
2024-09-05,5,9,2024,0.0,,6000.0,Sego cokot,0.0,,
2024-09-05,5,9,2024,0.0,,8000.0,Makan siang,0.0,,
2024-09-05,5,9,2024,0.0,,11000.0,Makan malem,0.0,,
2024-09-06,6,9,2024,0.0,,8000.0,Makan pagi,0.0,,
2024-09-06,6,9,2024,0.0,,11000.0,Makan siang,0.0,,
2024-09-06,6,9,2024,0.0,,20000.0,Bensin,0.0,,
2024-09-06,6,9,2024,0.0,,25000.0,Makan malem,0.0,,
2024-09-07,7,9,2024,0.0,,2000.0,Telor,0.0,,
2024-09-07,7,9,2024,0.0,,2000.0,Kerupuk,0.0,,
2024-09-07,7,9,2024,0.0,,3000.0,Es Teh,0.0,,
2024-09-07,7,9,2024,0.0,,6000.0,Sego Cokot,0.0,,
2024-09-07,7,9,2024,0.0,,6000.0,Mie,0.0,,
2024-09-07,7,9,2024,0.0,,14000.0,Makan siang,0.0,,
2024-09-08,8,9,2024,0.0,,5000.0,Onde onde,0.0,,
2024-09-08,8,9,2024,0.0,,10000.0,Saltcheese,0.0,,
2024-09-08,8,9,2024,0.0,,12000.0,Makan Siang,0.0,,
2024-09-08,8,9,2024,2000000.0,,9000.0,Makan pagi,0.0,,
2024-09-09,9,9,2024,0.0,,2000.0,Parkir,0.0,,
2024-09-09,9,9,2024,0.0,,6000.0,Makan pagi,0.0,,
2024-09-09,9,9,2024,0.0,,12000.0,Makan malem,0.0,,
2024-09-09,9,9,2024,0.0,,14000.0,Makan sianh,0.0,,
2024-09-10,10,9,2024,0.0,,2000.0,Parkir,0.0,,
2024-09-10,10,9,2024,0.0,,14000.0,Makan siang,0.0,,
2024-09-10,10,9,2024,0.0,,20000.0,Bensin,0.0,,
2024-09-10,10,9,2024,0.0,,89000.0,Bayarin schotival,0.0,,
2024-09-11,11,9,2024,0.0,,0.0,Makan siang,0.0,,
2024-09-11,11,9,2024,0.0,,0.0,Bayarin schotival,0.0,,
2024-09-11,11,9,2024,0.0,,6000.0,di ryan,0.0,,
2024-09-11,11,9,2024,0.0,,14000.0,Makan malem,0.0,,
2024-09-11,11,9,2024,0.0,,20000.0,bayar utang ryan,0.0,,
2024-09-11,11,9,2024,2000000.0,,0.0,Makan pagi,0.0,,
2024-09-12,12,9,2024,0.0,,0.0,Makan siang,0.0,,
2024-09-12,12,9,2024,0.0,,6000.0,Danusan,0.0,,
2024-09-12,12,9,2024,0.0,,11000.0,Jajan indomart,0.0,,
2024-09-12,12,9,2024,0.0,,12000.0,Makan malem,0.0,,
2024-09-12,12,9,2024,0.0,,25000.0,Bayar pesen makan buat d day schotival,0.0,,
2024-09-12,12,9,2024,60000.0,,6000.0,Makan pagi,0.0,,
2024-09-13,13,9,2024,0.0,,6000.0,Sego Cokot,0.0,,
2024-09-13,13,9,2024,0.0,,6000.0,Mie,0.0,,
2024-09-13,13,9,2024,0.0,,20000.0,Bensin,0.0,,
2024-09-14,14,9,2024,0.0,,8000.0,Makan pagi,0.0,,
2024-09-14,14,9,2024,0.0,,10000.0,Makan siang,0.0,,
2024-09-14,14,9,2024,0.0,,10000.0,Roti,0.0,,
2024-09-14,14,9,2024,0.0,,12000.0,Makan malam,0.0,,
2024-09-15,15,9,2024,0.0,,5000.0,Cilok,0.0,,
2024-09-15,15,9,2024,0.0,,13000.0,Makan malem,0.0,,
2024-09-16,16,9,2024,0.0,,3000.0,es teh ,0.0,,
2024-09-16,16,9,2024,0.0,,3000.0,es teh roman,0.0,,
2024-09-16,16,9,2024,0.0,,5000.0,selvi,0.0,,
2024-09-16,16,9,2024,0.0,,12000.0,Makan siang,0.0,,
2024-09-16,16,9,2024,0.0,,20000.0,bensin,0.0,,
2024-09-16,16,9,2024,2000000.0,,9000.0,Makan pagi,0.0,,
2024-09-17,17,9,2024,0.0,,3000.0,makan malem (ngutang dimas),0.0,,
2024-09-17,17,9,2024,0.0,,3000.0,Parkir,0.0,,
2024-09-17,17,9,2024,0.0,,6000.0,Makan pagi,0.0,,
2024-09-17,17,9,2024,0.0,,8000.0,Makan siang,0.0,,
2024-09-17,17,9,2024,0.0,,14500.0,Sabun,0.0,,
2024-09-18,18,9,2024,0.0,,10000.0,Bayar utang Dimas,0.0,,
2024-09-18,18,9,2024,0.0,,12000.0,Review Roti Schotival (minta ganti),0.0,,
2024-09-18,18,9,2024,0.0,,13000.0,Makan malem,0.0,,
2024-09-18,18,9,2024,0.0,,14000.0,Makan siang,0.0,,
2024-09-18,18,9,2024,0.0,,20000.0,Bensin,0.0,,
2024-09-19,19,9,2024,0.0,,3000.0,Nasi,0.0,,
2024-09-19,19,9,2024,0.0,,5000.0,Mie + Telor,0.0,,
2024-09-19,19,9,2024,0.0,,7000.0,Makan Pagi,0.0,,
2024-09-20,20,9,2024,0.0,,2000.0,Parkir,0.0,,
2024-09-20,20,9,2024,0.0,,6000.0,Sego Cokot,0.0,,
2024-09-20,20,9,2024,0.0,,11000.0,Makan siang,0.0,,
2024-09-21,21,9,2024,0.0,,3000.0,Parkir,0.0,,
2024-09-21,21,9,2024,0.0,,4000.0,Bayar utang roman,0.0,,
2024-09-21,21,9,2024,0.0,,6000.0,Bayar utang selvi,0.0,,
2024-09-21,21,9,2024,0.0,,10000.0,Beli cilok,0.0,,
2024-09-21,21,9,2024,2000000.0,Ayah,10000.0,Bayar utang roman,0.0,,
2024-09-22,22,9,2024,0.0,,5000.0,Jajan cirambay,0.0,,
2024-09-22,22,9,2024,0.0,,8000.0,Makan pagi,0.0,,
2024-09-22,22,9,2024,0.0,,8500.0,Mie + Telor,0.0,,
2024-09-22,22,9,2024,0.0,,13500.0,Makan siang,0.0,,
2024-09-22,22,9,2024,0.0,,29000.0,Bayar utang dapa,0.0,,
2024-09-23,23,9,2024,0.0,,8000.0,Makan Pagi,0.0,,
2024-09-23,23,9,2024,0.0,,11000.0,Makan Malem,0.0,,
2024-09-23,23,9,2024,0.0,,12000.0,Bensin,0.0,,
2024-09-23,23,9,2024,0.0,,13000.0,Makan Siang,0.0,,
2024-09-24,24,9,2024,0.0,,5000.0,Laundry,0.0,,
2024-09-24,24,9,2024,0.0,,7000.0,Makan pagi,0.0,,
2024-09-24,24,9,2024,0.0,,12000.0,Makan malem,0.0,,
2024-09-24,24,9,2024,0.0,,13000.0,Makan siang,0.0,,
2024-09-24,24,9,2024,0.0,,20000.0,Bensin,0.0,,
2024-09-25,25,9,2024,0.0,,6000.0,Sego cokot,0.0,,
2024-09-25,25,9,2024,0.0,,8000.0,Bayar utang es krim,0.0,,
2024-09-25,25,9,2024,0.0,,9000.0,Makan Siang,0.0,,
2024-09-25,25,9,2024,0.0,,12000.0,Makan malem,0.0,,
2024-09-26,26,9,2024,0.0,,4000.0,Parkir,0.0,,
2024-09-26,26,9,2024,0.0,,10000.0,Makan siang,0.0,,
2024-09-26,26,9,2024,0.0,,10500.0,Makan malem,0.0,,
2024-09-26,26,9,2024,0.0,,15500.0,Kacang,0.0,,
2024-09-26,26,9,2024,0.0,,20000.0,Bensin,0.0,,
2024-09-26,26,9,2024,2000000.0,,6000.0,Sego cokot,0.0,,
2024-09-27,27,9,2024,0.0,,1000.0,Utang Ryan,0.0,,
2024-09-27,27,9,2024,0.0,,3500.0,Beli danusan,0.0,,
2024-09-27,27,9,2024,0.0,,11000.0,Makan pagi,0.0,,
2024-09-27,27,9,2024,0.0,,15000.0,Aiciro,0.0,,
2024-09-27,27,9,2024,0.0,,19000.0,Bayarin Aiciro Selvi,0.0,,
2024-09-27,27,9,2024,0.0,,40000.0,Bayarin plat nomer selvi,0.0,,
2024-09-28,28,9,2024,0.0,,5000.0,Kok,0.0,,
2024-09-28,28,9,2024,0.0,,5000.0,Cilok,0.0,,
2024-09-28,28,9,2024,0.0,,6000.0,Kok,0.0,,
2024-09-28,28,9,2024,0.0,,7000.0,Patungan Bultang,0.0,,
2024-09-28,28,9,2024,0.0,,13000.0,Makan Malem,0.0,,
2024-09-29,29,9,2024,0.0,,5000.0,Foto ,0.0,,
2024-09-29,29,9,2024,0.0,,15000.0,Makan Malem,0.0,,
2024-09-29,29,9,2024,0.0,,20000.0,Bensin,0.0,,
2024-09-29,29,9,2024,0.0,,24000.0,Bayarin selvi ,0.0,,
2024-09-29,29,9,2024,500000.0,,20000.0,Makan pagi + bayarin nada dulu,0.0,,
2024-09-30,30,9,2024,0.0,,7000.0,Makan pagi,0.0,,
2024-09-30,30,9,2024,0.0,,10000.0,Makan malem,0.0,,
2024-09-30,30,9,2024,0.0,,12000.0,Makan siang,0.0,,
2024-10-01,1,10,2024,0.0,,110000.0,Makan Malem,15000.0,Kak ran,Kak ran (15000)
2024-10-01,1,10,2024,0.0,,160000.0,Makan siang,18000.0,Kak Ran,Kak Ran (18000)
2024-10-01,1,10,2024,0.0,,200000.0,Bensin,0.0,,
2024-10-01,1,10,2024,160000.0,,70000.0,Makan pagi,20000.0,Mumut,Mumut (20000)
2024-10-01,1,10,2024,730000.0,Sisa,0.0,,5000.0,Ryan,Ryan (5000)
2024-10-01,1,10,2024,2000000.0,Ayah,0.0,,3000.0,Ryan,Ryan (3000)
2024-10-02,2,10,2024,0.0,,20000.0,Print + Folio,0.0,,
2024-10-02,2,10,2024,0.0,,50000.0,Eskrim,721400.0,257200,257200 (721400)
2024-10-02,2,10,2024,0.0,,60000.0,Sego cokot,0.0,,
2024-10-02,2,10,2024,0.0,,60000.0,Mie,0.0,,
2024-10-02,2,10,2024,0.0,,140000.0,Makan siang,0.0,Jajan,Jajan (0)
2024-10-02,2,10,2024,0.0,,150000.0,Jajan buat nad,0.0,,
2024-10-03,3,10,2024,0.0,,40000.0,Parkir,0.0,,
2024-10-03,3,10,2024,0.0,,50000.0,Nasi,0.0,,
2024-10-03,3,10,2024,0.0,,50000.0,Mie,0.0,,
2024-10-03,3,10,2024,0.0,,170000.0,Makan Malem,0.0,,
2024-10-03,3,10,2024,0.0,,180000.0,Keranjang baju kotor,0.0,,
2024-10-03,3,10,2024,0.0,,380000.0,Karaoke,0.0,,
2024-10-04,4,10,2024,0.0,,60000.0,Makan pagi,0.0,,
2024-10-04,4,10,2024,0.0,,80000.0,Makan sianh,0.0,,
2024-10-04,4,10,2024,0.0,,100000.0,Makan malem,0.0,,
2024-10-04,4,10,2024,0.0,,120000.0,Bensin,0.0,,
2024-10-05,5,10,2024,0.0,,70000.0,Roti,0.0,,
2024-10-05,5,10,2024,0.0,,90000.0,Makan siang,0.0,,
2024-10-05,5,10,2024,0.0,,90000.0,Umayumcha,0.0,,
2024-10-05,5,10,2024,0.0,,90000.0,Umayumcha mumut,0.0,,
2024-10-05,5,10,2024,0.0,,100000.0,Kebab,0.0,,
2024-10-05,5,10,2024,0.0,,250000.0,Bensin,0.0,,
2024-10-05,5,10,2024,2500000.0,,50000.0,Roti goreng,0.0,,
2024-10-06,6,10,2024,0.0,,100000.0,Makan malem,0.0,,
2024-10-06,6,10,2024,0.0,,160000.0,Makan siang,0.0,,
2024-10-07,7,10,2024,0.0,,70000.0,Makan pagi,0.0,,
2024-10-07,7,10,2024,0.0,,100000.0,Makan Siang,0.0,,
2024-10-07,7,10,2024,0.0,,120000.0,Makan Malem,0.0,,
2024-10-08,8,10,2024,0.0,,60000.0,Utang Zuher,0.0,,
2024-10-08,8,10,2024,0.0,,62000.0,Mie,0.0,,
2024-10-08,8,10,2024,0.0,,75000.0,Biskuat,0.0,,
2024-10-08,8,10,2024,0.0,,100000.0,Makan Siang,0.0,,
2024-10-08,8,10,2024,0.0,,113000.0,Happy Tos,0.0,,
2024-10-08,8,10,2024,0.0,,130000.0,Telor,0.0,,
2024-10-08,8,10,2024,0.0,,150000.0,Kas PK2,0.0,,
2024-10-08,8,10,2024,0.0,,180000.0,Kas BEM,0.0,,
2024-10-08,8,10,2024,500000.0,,80000.0,Makan Pagi,0.0,,
2024-10-09,9,10,2024,0.0,,50000.0,Roti Goreng,0.0,,
2024-10-09,9,10,2024,0.0,,60000.0,Nasi,0.0,,
2024-10-09,9,10,2024,0.0,,100000.0,Ayam D'Kriuk,0.0,,
2024-10-10,10,10,2024,0.0,,30000.0,Lidya,0.0,,
2024-10-10,10,10,2024,0.0,,50000.0,Cilok,0.0,,
2024-10-10,10,10,2024,0.0,,80000.0,Makan Pagi,0.0,,
2024-10-10,10,10,2024,0.0,,100000.0,Makan Siang ,0.0,,
2024-10-10,10,10,2024,0.0,,100000.0,Bayar Utang Ryan,0.0,,
2024-10-10,10,10,2024,0.0,,130000.0,Makan Malem,0.0,,
2024-10-11,11,10,2024,0.0,,80000.0,Jajan,0.0,,
2024-10-11,11,10,2024,0.0,,120000.0,Makan malem,0.0,,
2024-10-11,11,10,2024,0.0,,250000.0,Bensin,0.0,,
2024-10-11,11,10,2024,0.0,,250000.0,Bayarin selvi dlu,0.0,,
2024-10-12,12,10,2024,0.0,,20000.0,Parkir,0.0,,
2024-10-12,12,10,2024,0.0,,80000.0,Es Teh,0.0,,
2024-10-12,12,10,2024,2000000.0,,150000.0,Obat mumut + vitamin,0.0,,
2024-10-13,13,10,2024,0.0,,50000.0,Bayarin mumut dlu,0.0,,
2024-10-13,13,10,2024,0.0,,100000.0,Makan Malem,0.0,,
2024-10-13,13,10,2024,0.0,,120000.0,Makan Siang,0.0,,
2024-10-13,13,10,2024,0.0,,120000.0,Bayarin Lidya dlu,0.0,,
2024-10-13,13,10,2024,0.0,,300000.0,Bayarin kak sansen,0.0,,
2024-10-14,14,10,2024,0.0,,120000.0,Makan sore,0.0,,
2024-10-14,14,10,2024,210000.0,Selvi,60000.0,Cilok,0.0,,
2024-10-14,14,10,2024,450000.0,Kak Sansen+lidya,50000.0,Roti Goreng,0.0,,
2024-10-15,15,10,2024,0.0,,10000.0,Parkir,0.0,,
2024-10-15,15,10,2024,0.0,,30000.0,Es Krim,0.0,,
2024-10-15,15,10,2024,0.0,,50000.0,Makan Pagi,0.0,,
2024-10-15,15,10,2024,0.0,,60000.0,Jajan,0.0,,
2024-10-15,15,10,2024,0.0,,70000.0,Cilok,0.0,,
2024-10-15,15,10,2024,0.0,,110000.0,Makan Siang,0.0,,
2024-10-15,15,10,2024,0.0,,120000.0,Bensin,0.0,,
2024-10-15,15,10,2024,0.0,,140000.0,Makan malem,0.0,,
2024-10-15,15,10,2024,0.0,,250000.0,Bensin,0.0,,
2024-10-16,16,10,2024,0.0,,60000.0,Mie,0.0,,
2024-10-16,16,10,2024,0.0,,80000.0,Bakso Fapet,0.0,,
2024-10-16,16,10,2024,0.0,,80000.0,Mixue,0.0,,
2024-10-16,16,10,2024,0.0,,105000.0,Makan malem,0.0,,
2024-10-16,16,10,2024,0.0,,190000.0,Galon,0.0,,
2024-10-17,17,10,2024,0.0,,120000.0,Makan siang,0.0,,
2024-10-17,17,10,2024,0.0,,160000.0,Makan malem,0.0,,
2024-10-17,17,10,2024,2000000.0,,50000.0,Roti Goreng,0.0,,
2024-10-18,18,10,2024,0.0,,50000.0,"Bayarin beli kura""dlu",0.0,,
2024-10-18,18,10,2024,0.0,,60000.0,Sego Cokot,0.0,,
2024-10-18,18,10,2024,0.0,,100000.0,Makan malem,0.0,,
2024-10-18,18,10,2024,0.0,,140000.0,Makan Siang,0.0,,
2024-10-19,19,10,2024,0.0,,50000.0,Nasi,0.0,,
2024-10-19,19,10,2024,0.0,,65000.0,Mie,0.0,,
2024-10-19,19,10,2024,0.0,,70000.0,Jajan,0.0,,
2024-10-19,19,10,2024,0.0,,200000.0,Bensin,0.0,,
2024-10-20,20,10,2024,0.0,,55000.0,Pop Mie,0.0,,
2024-10-20,20,10,2024,0.0,,100000.0,Makan Pagi,0.0,,
2024-10-20,20,10,2024,0.0,,115000.0,Kecap,0.0,,
2024-10-20,20,10,2024,0.0,,120000.0,Makan Malem,0.0,,
2024-10-21,21,10,2024,0.0,,20000.0,Parkir,0.0,,
2024-10-21,21,10,2024,0.0,,25000.0,Puding,0.0,,
2024-10-21,21,10,2024,0.0,,30000.0,Bayar utang ryan,0.0,,
2024-10-21,21,10,2024,0.0,,180000.0,Bayar uang kak ran,0.0,,
2024-10-21,21,10,2024,0.0,,200000.0,Bensin,0.0,,
2024-10-21,21,10,2024,2000000.0,,150000.0,Makan Siang,0.0,,
2024-10-22,22,10,2024,0.0,,50000.0,Kerupuk,0.0,,
2024-10-22,22,10,2024,0.0,,60000.0,Makan Pagi,0.0,,
2024-10-22,22,10,2024,0.0,,100000.0,Makan Malem,0.0,,
2024-10-22,22,10,2024,0.0,,400000.0,Cukur,0.0,,
2024-10-23,23,10,2024,0.0,,42000.0,Go Potato,0.0,,
2024-10-23,23,10,2024,0.0,,50000.0,Makan Siang,0.0,,
2024-10-23,23,10,2024,0.0,,62000.0,Mie,0.0,,
2024-10-23,23,10,2024,0.0,,70000.0,Larutan,0.0,,
2024-10-23,23,10,2024,0.0,,70000.0,Telur,0.0,,
2024-10-23,23,10,2024,0.0,,80000.0,Makan Pagi,0.0,,
2024-10-23,23,10,2024,0.0,,89000.0,Makaroni Bon Cabe,0.0,,
2024-10-24,24,10,2024,0.0,,40000.0,Parkir,0.0,,
2024-10-24,24,10,2024,0.0,,60000.0,Sego Cokot,0.0,,
2024-10-24,24,10,2024,0.0,,80000.0,Laundry,0.0,,
2024-10-24,24,10,2024,0.0,,120000.0,Makan siang,0.0,,
2024-10-24,24,10,2024,0.0,,140000.0,Makan malem,0.0,,
2024-10-24,24,10,2024,0.0,,250000.0,Bensin,0.0,,
2024-10-25,25,10,2024,0.0,,85000.0,Larutan kaki 3,0.0,,
2024-10-25,25,10,2024,0.0,,100000.0,,0.0,,
2024-10-25,25,10,2024,0.0,,107000.0,Tisu Basah,0.0,,
2024-10-25,25,10,2024,0.0,,108000.0,Bear Brand,0.0,,
2024-10-25,25,10,2024,0.0,,120000.0,Makan Siang,0.0,,
2024-10-25,25,10,2024,0.0,,120000.0,Obat Panas,0.0,,
2024-10-25,25,10,2024,0.0,,197000.0,Shampoo,0.0,,
2024-10-25,25,10,2024,1000000.0,,60000.0,Sego cokot,0.0,,
2024-10-26,26,10,2024,0.0,,50000.0,Onde Onde,0.0,,
2024-10-26,26,10,2024,0.0,,115000.0,Air,0.0,,
2024-10-26,26,10,2024,0.0,,150000.0,Bayar utang kak ran,0.0,,
2024-10-26,26,10,2024,2000000.0,,90000.0,Makan Pagi,0.0,,
2024-10-27,27,10,2024,0.0,,110000.0,Makan Pagi,0.0,,
2024-10-27,27,10,2024,0.0,,180000.0,Makan Sore,0.0,,
2024-10-28,28,10,2024,0.0,,50000.0,Apel,0.0,,
2024-10-28,28,10,2024,0.0,,55000.0,Pop Mie,0.0,,
2024-10-28,28,10,2024,0.0,,80000.0,Makan Siang,0.0,,
2024-10-28,28,10,2024,0.0,,100000.0,Makan Pagi,0.0,,
2024-10-28,28,10,2024,0.0,,120000.0,Somay ,0.0,,
2024-10-28,28,10,2024,0.0,,200000.0,Bensin,0.0,,
2024-10-29,29,10,2024,0.0,,30000.0,Diapet,0.0,,
2024-10-29,29,10,2024,0.0,,35000.0,Roti,0.0,,
2024-10-29,29,10,2024,0.0,,100000.0,Makan Pagi Siang,0.0,,
2024-10-29,29,10,2024,0.0,,150000.0,Roti Bakar ,0.0,,
2024-10-29,29,10,2024,0.0,,160000.0,Apel,0.0,,
2024-10-30,30,10,2024,0.0,,40000.0,Parkir,0.0,,
2024-10-30,30,10,2024,0.0,,60000.0,Diapet,0.0,,
2024-10-30,30,10,2024,0.0,,60000.0,Mie,0.0,,
2024-10-30,30,10,2024,0.0,,200000.0,Nonton,0.0,,
2024-10-30,30,10,2024,0.0,,200000.0,Bayar Pesen Makan Rapat,0.0,,
2024-10-30,30,10,2024,1500000.0,,140000.0,Makan Siang,0.0,,
2024-10-31,31,10,2024,0.0,,40000.0,Parkir,0.0,,
2024-10-31,31,10,2024,0.0,,100000.0,Makan Siang,0.0,,
2024-10-31,31,10,2024,0.0,,140000.0,Mie,0.0,,
2024-10-31,31,10,2024,17050000.0,,15890000.0,116000,0.0,,
2024-11-01,1,11,2024,0.0,,0.0,,2000.0,Rania,Rania (2000)
2024-11-01,1,11,2024,0.0,,20000.0,Sabun Cuci,0.0,,
2024-11-01,1,11,2024,0.0,,70000.0,Telor 1/4 kg,0.0,,
2024-11-01,1,11,2024,0.0,,100000.0,Pt Pt ultah dapa,10000.0,Ryan,Ryan (10000)
2024-11-01,1,11,2024,0.0,,120000.0,Makan Malem,7000.0,Warung,Warung (7000)
2024-11-01,1,11,2024,0.0,,150000.0,Makan Siang,18000.0,Beca,Beca (18000)
2024-11-01,1,11,2024,0.0,,200000.0,Bensin,10000.0,Nada,Nada (10000)
2024-11-01,1,11,2024,1020000.0,Sisa Skotipal,50000.0,Roti Goreng,20000.0,Dapa,Dapa (20000)
2024-11-01,1,11,2024,1160000.0,Kemarin,0.0,,20000.0,Alfredo,Alfredo (20000)
2024-11-02,2,11,2024,0.0,,30000.0,Es Krim,0.0,Jajan,Jajan (0)
2024-11-02,2,11,2024,0.0,,40000.0,Roti,0.0,,
2024-11-02,2,11,2024,0.0,,60000.0,Es Krim Nopal ,0.0,,
2024-11-02,2,11,2024,0.0,,60000.0,Es Krim Mumut,0.0,,
2024-11-02,2,11,2024,0.0,,60000.0,Es Krim lidya,0.0,,
2024-11-02,2,11,2024,0.0,,60000.0,Es Krim ,0.0,,
2024-11-02,2,11,2024,0.0,,100000.0,Fira Ngutang,0.0,,
2024-11-02,2,11,2024,0.0,,220000.0,Kebab,0.0,,
2024-11-03,3,11,2024,0.0,,110000.0,Makan Siang,0.0,,
2024-11-03,3,11,2024,0.0,,200000.0,Bensin,0.0,,
2024-11-04,4,11,2024,0.0,,30000.0,Es Krim,0.0,,
2024-11-04,4,11,2024,0.0,,50000.0,Minyak Goreng,0.0,,
2024-11-04,4,11,2024,0.0,,55000.0,Nasi,0.0,,
2024-11-04,4,11,2024,0.0,,105000.0,Makan Malem,0.0,,
2024-11-05,5,11,2024,0.0,,25000.0,Bakpao,0.0,,
2024-11-05,5,11,2024,0.0,,75000.0,Larutan Cap Kaki Tiga,0.0,,
2024-11-05,5,11,2024,0.0,,120000.0,Makan Siang,0.0,,
2024-11-05,5,11,2024,0.0,,120000.0,Makan Malem,0.0,,
2024-11-05,5,11,2024,0.0,,150000.0,Kas PK2,0.0,,
2024-11-05,5,11,2024,0.0,,360000.0,Kas BEM 2 bulan,0.0,,
2024-11-05,5,11,2024,2500000.0,,60000.0,Makan Pagi,0.0,,
2024-11-06,6,11,2024,0.0,,10000.0,Parkir,0.0,,
2024-11-06,6,11,2024,0.0,,60000.0,Sego Cokot,0.0,,
2024-11-06,6,11,2024,0.0,,120000.0,Makan Siang,0.0,,
2024-11-06,6,11,2024,0.0,,185000.0,Makan malem,0.0,,
2024-11-06,6,11,2024,0.0,,250000.0,Bensin,0.0,,
2024-11-07,7,11,2024,0.0,,40000.0,Teh Botol,0.0,,
2024-11-07,7,11,2024,0.0,,60000.0,Mie,0.0,,
2024-11-07,7,11,2024,0.0,,100000.0,Makan Malem,0.0,,
2024-11-07,7,11,2024,0.0,,160000.0,Roti Bakar,0.0,,
2024-11-07,7,11,2024,0.0,,1950000.0,Bengkel,0.0,,
2024-11-07,7,11,2024,2200000.0,,50000.0,Roti Goreng,0.0,,
2024-11-08,8,11,2024,0.0,,20000.0,Amal,0.0,,
2024-11-08,8,11,2024,0.0,,70000.0,Cilok,0.0,,
2024-11-08,8,11,2024,0.0,,180000.0,Makan Malem,0.0,,
2024-11-09,9,11,2024,0.0,,20000.0,Parkir,0.0,,
2024-11-09,9,11,2024,0.0,,60000.0,Sego Cokot,0.0,,
2024-11-09,9,11,2024,0.0,,100000.0,Pt pt bultang,0.0,,
2024-11-09,9,11,2024,0.0,,120000.0,Bensin,0.0,,
2024-11-09,9,11,2024,0.0,,120000.0,Makan Malem,0.0,,
2024-11-09,9,11,2024,0.0,,200000.0,Bensin,0.0,,
2024-11-10,10,11,2024,0.0,,50000.0,Nasi,0.0,,
2024-11-10,10,11,2024,0.0,,113000.0,Happy Tos,0.0,,
2024-11-10,10,11,2024,0.0,,180000.0,Sate,0.0,,
2024-11-10,10,11,2024,0.0,,182000.0,Sabun Mandi,0.0,,
2024-11-10,10,11,2024,2000000.0,,60000.0,Roti Goreng,0.0,,
2024-11-11,11,11,2024,0.0,,20000.0,Parkir,0.0,,
2024-11-11,11,11,2024,0.0,,40000.0,Nasi,0.0,,
2024-11-11,11,11,2024,0.0,,230000.0,Martabak,0.0,,
2024-11-12,12,11,2024,0.0,,20000.0,Parkir,0.0,,
2024-11-12,12,11,2024,0.0,,200000.0,Bayar utang alfredo,0.0,,
2024-11-12,12,11,2024,0.0,,260000.0,Ketoprak (sama roman),0.0,,
2024-11-13,13,11,2024,0.0,,40000.0,Roti,0.0,,
2024-11-13,13,11,2024,0.0,,90000.0,Eskrim ma Selvi,0.0,,
2024-11-13,13,11,2024,0.0,,110000.0,Makan Siang,0.0,,
2024-11-13,13,11,2024,0.0,,130000.0,Makan Malem,0.0,,
2024-11-14,14,11,2024,0.0,,65000.0,Mie,0.0,,
2024-11-14,14,11,2024,0.0,,120000.0,Makan Siang,0.0,,
2024-11-14,14,11,2024,0.0,,200000.0,Bensin,0.0,,
2024-11-14,14,11,2024,60000.0,,50000.0,Roti Goreng,0.0,,
2024-11-15,15,11,2024,0.0,,20000.0,Parkir,0.0,,
2024-11-15,15,11,2024,0.0,,40000.0,Parkir,0.0,,
2024-11-15,15,11,2024,0.0,,60000.0,Bayarin Nopal dluu,0.0,,
2024-11-15,15,11,2024,0.0,,130000.0,Makan Siang,0.0,,
2024-11-15,15,11,2024,0.0,,160000.0,Makan malem,0.0,,
2024-11-15,15,11,2024,2000000.0,,60000.0,Sego Cokot,0.0,,
2024-11-16,16,11,2024,0.0,,20000.0,Parkir,0.0,,
2024-11-16,16,11,2024,0.0,,50000.0,Roti Goreng,0.0,,
2024-11-16,16,11,2024,0.0,,120000.0,Makan Siang,0.0,,
2024-11-17,17,11,2024,0.0,,10000.0,Parkir,0.0,,
2024-11-17,17,11,2024,0.0,,120000.0,Makan Malem,0.0,,
2024-11-17,17,11,2024,0.0,,200000.0,Bensin,0.0,,
2024-11-17,17,11,2024,20000.0,,60000.0,Sego Cokot,0.0,,
2024-11-18,18,11,2024,0.0,,20000.0,Parkir,0.0,,
2024-11-18,18,11,2024,0.0,,30000.0,Eskrim,0.0,,
2024-11-18,18,11,2024,0.0,,110000.0,Makan Malem ,0.0,,
2024-11-19,19,11,2024,0.0,,20000.0,Sabun,0.0,,
2024-11-19,19,11,2024,0.0,,60000.0,TicTac,0.0,,
2024-11-19,19,11,2024,0.0,,60000.0,Mie,0.0,,
2024-11-19,19,11,2024,0.0,,70000.0,Makan Pagi,0.0,,
2024-11-19,19,11,2024,0.0,,70000.0,Bayar Utang Warung,0.0,,
2024-11-19,19,11,2024,0.0,,70000.0,Telur,0.0,,
2024-11-19,19,11,2024,0.0,,100000.0,Bayar Utang Ryan,0.0,,
2024-11-19,19,11,2024,0.0,,110000.0,Makan Siang,0.0,,
2024-11-19,19,11,2024,0.0,,190000.0,Galon,0.0,,
2024-11-20,20,11,2024,0.0,,50000.0,Bakpao,0.0,,
2024-11-20,20,11,2024,0.0,,120000.0,Makan Malem,0.0,,
2024-11-20,20,11,2024,2000000.0,,110000.0,Makan pagi siang,0.0,,
2024-11-21,21,11,2024,0.0,,20000.0,Utang Rania,0.0,,
2024-11-21,21,11,2024,0.0,,20000.0,Parkir,0.0,,
2024-11-21,21,11,2024,0.0,,70000.0,Roti Goreng ,0.0,,
2024-11-21,21,11,2024,0.0,,100000.0,Makan Siang,0.0,,
2024-11-21,21,11,2024,0.0,,150000.0,Bensin,0.0,,
2024-11-21,21,11,2024,0.0,,180000.0,Makan Malem,0.0,,
2024-11-21,21,11,2024,0.0,,200000.0,Utang Dapa,0.0,,
2024-11-22,22,11,2024,0.0,,30000.0,Nasi,0.0,,
2024-11-22,22,11,2024,0.0,,80000.0,Bakso,0.0,,
2024-11-22,22,11,2024,0.0,,110000.0,Makan Siang,0.0,,
2024-11-22,22,11,2024,0.0,,160000.0,Roti Bakar,0.0,,
2024-11-23,23,11,2024,0.0,,80000.0,Makan Malem,0.0,,
2024-11-23,23,11,2024,0.0,,200000.0,Bensin,0.0,,
2024-11-24,24,11,2024,0.0,,20000.0,Parkir,0.0,,
2024-11-24,24,11,2024,0.0,,40000.0,Nasi,0.0,,
2024-11-24,24,11,2024,0.0,,100000.0,Utang Nada,0.0,,
2024-11-24,24,11,2024,0.0,,120000.0,Makan Malem,0.0,,
2024-11-24,24,11,2024,0.0,,165000.0,Kopi,0.0,,
2024-11-24,24,11,2024,2000000.0,,80000.0,Makan Pagi,0.0,,
2024-11-25,25,11,2024,0.0,,50000.0,Roti Goreng,0.0,,
2024-11-25,25,11,2024,0.0,,80000.0,Bakso ,0.0,,
2024-11-25,25,11,2024,0.0,,100000.0,Makan Malem,0.0,,
2024-11-25,25,11,2024,0.0,,200000.0,Bensin,0.0,,
2024-11-26,26,11,2024,0.0,,20000.0,Parkir,0.0,,
2024-11-26,26,11,2024,0.0,,45000.0,Pop Mie,0.0,,
2024-11-26,26,11,2024,0.0,,120000.0,Makan Sore,0.0,,
2024-11-26,26,11,2024,0.0,,140000.0,Bayarin Makan Selvi,0.0,,
2024-11-26,26,11,2024,0.0,,165000.0,Bayarin Es Krim Selvi,0.0,,
2024-11-26,26,11,2024,0.0,,175000.0,McFlurry,0.0,,
2024-11-26,26,11,2024,0.0,,180000.0,Roti Bakar,0.0,,
2024-11-26,26,11,2024,305000.0,,70000.0,Makan Pagi,0.0,,
2024-11-27,27,11,2024,0.0,,140000.0,Makan Malem,0.0,,
2024-11-28,28,11,2024,0.0,,70000.0,Makan Pagi,0.0,,
2024-11-28,28,11,2024,0.0,,70000.0,Cilok,0.0,,
2024-11-28,28,11,2024,0.0,,120000.0,Makan Malem,0.0,,
2024-11-28,28,11,2024,0.0,,125000.0,Badmin,0.0,,
2024-11-28,28,11,2024,0.0,,200000.0,Bensin,0.0,,
2024-11-29,29,11,2024,0.0,,60000.0,Mie,0.0,,
2024-11-29,29,11,2024,0.0,,70000.0,Telor,0.0,,
2024-11-29,29,11,2024,0.0,,100000.0,Bengkel,0.0,,
2024-11-29,29,11,2024,0.0,,110000.0,Makan Malem,0.0,,
2024-11-29,29,11,2024,2000000.0,,50000.0,Roti,0.0,,
2024-11-30,30,11,2024,0.0,,50000.0,Roti,0.0,,
2024-11-30,30,11,2024,0.0,,80000.0,Makan Siang,0.0,,
2024-11-30,30,11,2024,17265000.0,,15590000.0,167500,0.0,,
2024-12-01,1,12,2024,0.0,,0.0,,30000.0,Lidya,Lidya (30000)
2024-12-01,1,12,2024,0.0,,200000.0,Bensin,71000.0,Lidya,Lidya (71000)
2024-12-01,1,12,2024,1675000.0,Sisa,0.0,,10000.0,Lidya,Lidya (10000)
2024-12-02,2,12,2024,0.0,,100000.0,Mylanta,0.0,,
2024-12-02,2,12,2024,0.0,,105000.0,Bear Brand,0.0,,
2024-12-02,2,12,2024,0.0,,120000.0,Makan Malem,0.0,,
2024-12-02,2,12,2024,0.0,,160000.0,Makan Siang,0.0,,
2024-12-03,3,12,2024,0.0,,120000.0,Makan Siang,0.0,Jajan,Jajan (0)
2024-12-03,3,12,2024,0.0,,210000.0,Kebab,424200.0,137300,137300 (424200)
2024-12-04,4,12,2024,0.0,,60000.0,Nasi,0.0,,
2024-12-04,4,12,2024,0.0,,110000.0,Makan Siang,0.0,,
2024-12-04,4,12,2024,0.0,,190000.0,Galon,0.0,,
2024-12-04,4,12,2024,2000000.0,,60000.0,Sego Cokot,0.0,,
2024-12-05,5,12,2024,0.0,,30000.0,Nasi,0.0,,
2024-12-05,5,12,2024,0.0,,50000.0,Mie Jumbo,0.0,,
2024-12-05,5,12,2024,0.0,,64000.0,Mie,0.0,,
2024-12-05,5,12,2024,0.0,,76000.0,Susu,0.0,,
2024-12-05,5,12,2024,0.0,,95000.0,MaxiCorn,0.0,,
2024-12-05,5,12,2024,0.0,,170000.0,Roti Bakar,0.0,,
2024-12-06,6,12,2024,0.0,,220000.0,Makan Malem,0.0,,
2024-12-07,7,12,2024,0.0,,30000.0,Minum,0.0,,
2024-12-07,7,12,2024,0.0,,70000.0,Makan Pagi,0.0,,
2024-12-07,7,12,2024,0.0,,100000.0,Makan Siang,0.0,,
2024-12-07,7,12,2024,0.0,,100000.0,Bayarin Selvi,0.0,,
2024-12-07,7,12,2024,0.0,,120000.0,Tahu Crispy,0.0,,
2024-12-07,7,12,2024,0.0,,130000.0,Makan Malem,0.0,,
2024-12-07,7,12,2024,0.0,,200000.0,Bensin,0.0,,
2024-12-08,8,12,2024,0.0,,40000.0,Nasi,0.0,,
2024-12-08,8,12,2024,0.0,,70000.0,Bultang,0.0,,
2024-12-08,8,12,2024,0.0,,120000.0,Makan Siang,0.0,,
2024-12-08,8,12,2024,0.0,,120000.0,Makan Malem,0.0,,
2024-12-09,9,12,2024,0.0,,50000.0,Cilok,0.0,,
2024-12-09,9,12,2024,0.0,,150000.0,Makan Siang,0.0,,
2024-12-09,9,12,2024,0.0,,230000.0,Martabak,0.0,,
2024-12-09,9,12,2024,2500000.0,,80000.0,Makan Pagi,0.0,,
2024-12-10,10,12,2024,0.0,,20000.0,Parkir,0.0,,
2024-12-10,10,12,2024,0.0,,120000.0,Makan Siang,0.0,,
2024-12-10,10,12,2024,0.0,,200000.0,Bensin,0.0,,
2024-12-11,11,12,2024,0.0,,50000.0,Roti Goreng,0.0,,
2024-12-11,11,12,2024,0.0,,60000.0,Mie,0.0,,
2024-12-11,11,12,2024,0.0,,80000.0,FresTea,0.0,,
2024-12-11,11,12,2024,0.0,,80000.0,Telur,0.0,,
2024-12-11,11,12,2024,0.0,,110000.0,Makan Malem,0.0,,
2024-12-12,12,12,2024,0.0,,40000.0,Nasi,0.0,,
2024-12-12,12,12,2024,0.0,,105000.0,Makan Malem,0.0,,
2024-12-12,12,12,2024,0.0,,120000.0,Makan Siang,0.0,,
2024-12-13,13,12,2024,0.0,,50000.0,Benerin Rantai,0.0,,
2024-12-13,13,12,2024,0.0,,50000.0,Roti Goreng,0.0,,
2024-12-13,13,12,2024,0.0,,50000.0,Cilok,0.0,,
2024-12-13,13,12,2024,0.0,,120000.0,Makan Siang,0.0,,
2024-12-13,13,12,2024,0.0,,200000.0,Bensin,0.0,,
2024-12-14,14,12,2024,0.0,,110000.0,Makan Malem,0.0,,
2024-12-14,14,12,2024,0.0,,120000.0,Makan Siang,0.0,,
2024-12-15,15,12,2024,0.0,,40000.0,Nasi,0.0,,
2024-12-15,15,12,2024,0.0,,50000.0,Roti Goreng,0.0,,
2024-12-15,15,12,2024,0.0,,50000.0,Makan Siang (masi ngutang lidya),0.0,,
2024-12-15,15,12,2024,0.0,,120000.0,Dimsum,0.0,,
2024-12-15,15,12,2024,0.0,,160000.0,Roti Bakar,0.0,,
2024-12-16,16,12,2024,0.0,,20000.0,Parkir,0.0,,
2024-12-16,16,12,2024,0.0,,20000.0,Parkir,0.0,,
2024-12-16,16,12,2024,0.0,,120000.0,Makan Malem,0.0,,
2024-12-16,16,12,2024,0.0,,120000.0,Bayarin Lidya dlu,0.0,,
2024-12-16,16,12,2024,0.0,,200000.0,Bensin,0.0,,
2024-12-16,16,12,2024,0.0,,500000.0,Minyak Rambut,0.0,,
2024-12-16,16,12,2024,2500000.0,,140000.0,Makan Siang,0.0,,
2024-12-17,17,12,2024,0.0,,66000.0,Mie,0.0,,
2024-12-17,17,12,2024,0.0,,100000.0,Bayar Foto,0.0,,
2024-12-17,17,12,2024,0.0,,150000.0,Makan Malem,0.0,,
2024-12-18,18,12,2024,0.0,,20000.0,Parkir,0.0,,
2024-12-18,18,12,2024,0.0,,50000.0,Big Babol,0.0,,
2024-12-18,18,12,2024,0.0,,120000.0,Makan Siang,0.0,,
2024-12-18,18,12,2024,0.0,,200000.0,Bensin,0.0,,
2024-12-19,19,12,2024,0.0,,20000.0,Parkir,0.0,,
2024-12-19,19,12,2024,0.0,,110000.0,Makan Malem,0.0,,
2024-12-19,19,12,2024,0.0,,120000.0,Bubur,0.0,,
2024-12-19,19,12,2024,0.0,,210000.0,Hotways,0.0,,
2024-12-20,20,12,2024,0.0,,20000.0,Kerupuk,0.0,,
2024-12-20,20,12,2024,0.0,,100000.0,Upah Mumut,0.0,,
2024-12-20,20,12,2024,0.0,,100000.0,Beli Bakmie,0.0,,
2024-12-20,20,12,2024,0.0,,120000.0,Pulsa,0.0,,
2024-12-20,20,12,2024,0.0,,370000.0,Brownies,0.0,,
2024-12-20,20,12,2024,0.0,,450000.0,Coklat Dubai,0.0,,
2024-12-20,20,12,2024,0.0,,450000.0,Bayarin Selvi,0.0,,
2024-12-20,20,12,2024,0.0,,520000.0,Dana,0.0,,
2024-12-20,20,12,2024,2500000.0,,20000.0,Parkir,0.0,,
2024-12-22,22,12,2024,0.0,,140000.0,Coklat Selvi,0.0,,
2024-12-22,22,12,2024,3000000.0,,170000.0,Teh,0.0,,
2024-12-24,24,12,2024,1160000.0,,130000.0,Kebab,0.0,,
2024-12-26,26,12,2024,0.0,,20000.0,Parkir,0.0,,
2024-12-26,26,12,2024,0.0,,40000.0,Takoyaki,0.0,,
2024-12-26,26,12,2024,0.0,,245000.0,Makan Malem,0.0,,
2024-12-26,26,12,2024,0.0,,1010000.0,Hadiah BPH + Kado,0.0,,
2024-12-28,28,12,2024,0.0,,45000.0,Aqua,0.0,,
2024-12-28,28,12,2024,0.0,,55000.0,Aqua,0.0,,
2024-12-28,28,12,2024,0.0,,100000.0,Aqua,0.0,,
2024-12-28,28,12,2024,0.0,,100000.0,Loker,0.0,,
2024-12-28,28,12,2024,0.0,,100000.0,Jasuke,0.0,,
2024-12-28,28,12,2024,0.0,,100000.0,Tahu Gejrot Selvi,0.0,,
2024-12-28,28,12,2024,0.0,,110000.0,Gojek,0.0,,
2024-12-28,28,12,2024,0.0,,115000.0,Aqua + Hansaplast,0.0,,
2024-12-28,28,12,2024,0.0,,150000.0,Es Selvi,0.0,,
2024-12-28,28,12,2024,0.0,,250000.0,Mie Ayam,0.0,,
2024-12-28,28,12,2024,0.0,,250000.0,Mie Ayam Selvi,0.0,,
2024-12-28,28,12,2024,450000.0,,240000.0,Pulsa,0.0,,
2024-12-28,28,12,2024,690000.0,,215000.0,TopUp Kartu,0.0,,
2024-12-30,30,12,2024,0.0,,130000.0,Seblak,0.0,,
2024-12-30,30,12,2024,16475000.0,,14006000.0,246900,0.0,,
2025-01-01,1,1,2025,0.0,,0.0,,100000.0,Merat,Merat (100000)
2025-01-01,1,1,2025,0.0,,0.0,,50000.0,Sel,Sel (50000)
2025-01-01,1,1,2025,0.0,,0.0,,205000.0,Ghina,Ghina (205000)
2025-01-01,1,1,2025,0.0,,200000.0,Jajan,170000.0,Naren,Naren (170000)
2025-01-01,1,1,2025,2469000.0,,0.0,,80000.0,Afira,Afira (80000)
2025-01-09,9,1,2025,0.0,,34000.0,Jajan,0.0,,
2025-01-09,9,1,2025,0.0,,100000.0,Lain lain,0.0,,
2025-01-09,9,1,2025,0.0,,100000.0,Lain lain,0.0,,
2025-01-09,9,1,2025,0.0,,250000.0,Jajan,0.0,,
2025-01-09,9,1,2025,0.0,,330000.0,Lain lain,0.0,,
2025-01-09,9,1,2025,0.0,,340000.0,Lain lain,0.0,,
2025-01-09,9,1,2025,0.0,,390000.0,Makan,0.0,,
2025-01-10,10,1,2025,0.0,,530000.0,Makan,0.0,,
2025-01-10,10,1,2025,770000.0,,200000.0,Lain lain,0.0,,
2025-01-10,10,1,2025,1500000.0,,40000.0,Jajan,0.0,,
2025-01-10,10,1,2025,3040000.0,,4591920.0,Lain lain,0.0,,
2025-01-14,14,1,2025,0.0,,60000.0,Jajan,0.0,,
2025-01-14,14,1,2025,0.0,,100000.0,Lain lain,0.0,,
2025-01-15,15,1,2025,500000.0,,200000.0,Lain lain,0.0,,
2025-01-16,16,1,2025,0.0,,100000.0,Makan,0.0,,
2025-01-16,16,1,2025,0.0,,100000.0,Lain lain,0.0,,
2025-01-16,16,1,2025,0.0,,150000.0,Jajan,0.0,,
2025-01-16,16,1,2025,0.0,,150000.0,Lain lain,0.0,,
2025-01-17,17,1,2025,0.0,,65000.0,Makan,0.0,,
2025-01-19,19,1,2025,150000.0,,150000.0,Makan,0.0,,
2025-01-19,19,1,2025,500000.0,,150000.0,Jajan,0.0,,
2025-01-28,28,1,2025,200000.0,,0.0,,0.0,,
2025-01-28,28,1,2025,200000.0,,0.0,,0.0,,
2025-01-28,28,1,2025,300000.0,,400000.0,Lain lain,0.0,,
2025-01-28,28,1,2025,480000.0,,200000.0,Jajan,0.0,,
2025-01-28,28,1,2025,3000000.0,,410000.0,Makan,0.0,,
2025-01-30,30,1,2025,0.0,,190000.0,Makan,0.0,,
2025-01-31,31,1,2025,0.0,,200000.0,Makan,0.0,,
2025-01-31,31,1,2025,0.0,,250000.0,Lain lain,0.0,,
2025-01-31,31,1,2025,13109000.0,,9980920.0,312808,0.0,,
2025-02-01,1,2,2025,0.0,,200000.0,Jajan,0.0,,
2025-02-01,1,2,2025,300000.0,,240000.0,Lain lain,0.0,,
2025-02-01,1,2,2025,3128080.0,,0.0,,140000.0,belom bayar,belom bayar (140000)
2025-02-02,2,2,2025,50000.0,,40000.0,Lain lain,0.0,,
2025-02-02,2,2,2025,140000.0,,100000.0,Lain lain,0.0,,
2025-02-02,2,2,2025,140000.0,,200000.0,Makan,0.0,,
2025-02-02,2,2,2025,150000.0,,0.0,,0.0,,
2025-02-02,2,2,2025,150000.0,,750000.0,Lain lain,0.0,,
2025-02-04,4,2,2025,2500000.0,,0.0,,0.0,,
2025-02-07,7,2,2025,0.0,,100000.0,Jajan,0.0,,
2025-02-07,7,2,2025,0.0,,250000.0,Bensin,0.0,,
2025-02-08,8,2,2025,0.0,,20000.0,Lain lain,0.0,,
2025-02-08,8,2,2025,0.0,,50000.0,Lain lain,0.0,,
2025-02-08,8,2,2025,0.0,,140000.0,Lain lain,0.0,,
2025-02-08,8,2,2025,0.0,,232430.0,Lain lain,0.0,,
2025-02-08,8,2,2025,2000000.0,,200000.0,Galon,0.0,,
2025-02-09,9,2,2025,0.0,,150000.0,Lain lain,0.0,,
2025-02-09,9,2,2025,0.0,,161000.0,Lain lain,0.0,,
2025-02-09,9,2,2025,0.0,,200000.0,Makan,0.0,,
2025-02-09,9,2,2025,0.0,,270000.0,Makan,0.0,,
2025-02-10,10,2,2025,0.0,,60000.0,Makan,0.0,,
2025-02-10,10,2,2025,0.0,,120000.0,Makan,0.0,,
2025-02-10,10,2,2025,0.0,,150000.0,Makan,0.0,,
2025-02-10,10,2,2025,0.0,,210000.0,Jajan,0.0,,
2025-02-11,11,2,2025,0.0,,50000.0,Lain lain,0.0,,
2025-02-11,11,2,2025,0.0,,60000.0,Makan,0.0,,
2025-02-11,11,2,2025,0.0,,70000.0,Makan,0.0,,
2025-02-11,11,2,2025,0.0,,80000.0,Jajan,0.0,,
2025-02-11,11,2,2025,0.0,,100000.0,Jajan,0.0,,
2025-02-11,11,2,2025,0.0,,110000.0,Makan,0.0,,
2025-02-11,11,2,2025,0.0,,110000.0,Lain lain,0.0,,
2025-02-12,12,2,2025,0.0,,80000.0,Makan,0.0,,
2025-02-12,12,2,2025,0.0,,130000.0,Makan,0.0,,
2025-02-12,12,2,2025,0.0,,150000.0,Makan,0.0,,
2025-02-12,12,2,2025,0.0,,200000.0,Bensin,0.0,,
2025-02-13,13,2,2025,0.0,,120000.0,Makan,0.0,,
2025-02-13,13,2,2025,0.0,,140000.0,Makan,0.0,,
2025-02-13,13,2,2025,0.0,,200000.0,Lain lain,0.0,,
2025-02-14,14,2,2025,0.0,,80000.0,Makan,0.0,,
2025-02-14,14,2,2025,0.0,,120000.0,Makan,0.0,,
2025-02-14,14,2,2025,0.0,,189000.0,Makan,0.0,,
2025-02-15,15,2,2025,0.0,,80000.0,Makan,0.0,,
2025-02-15,15,2,2025,0.0,,160000.0,Makan,0.0,,
2025-02-15,15,2,2025,0.0,,250000.0,Bensin,0.0,,
2025-02-16,16,2,2025,0.0,,30000.0,Lain lain,0.0,,
2025-02-16,16,2,2025,0.0,,50000.0,Makan,0.0,,
2025-02-16,16,2,2025,0.0,,70000.0,Lain lain,0.0,,
2025-02-16,16,2,2025,0.0,,90000.0,Lain lain,0.0,,
2025-02-16,16,2,2025,0.0,,1802000.0,Lain lain,0.0,,
2025-02-16,16,2,2025,2500000.0,,90000.0,Makan,0.0,,
2025-02-17,17,2,2025,0.0,,60000.0,Makan,0.0,,
2025-02-17,17,2,2025,0.0,,100000.0,Makan,0.0,,
2025-02-17,17,2,2025,0.0,,140000.0,Makan,0.0,,
2025-02-18,18,2,2025,0.0,,20000.0,Lain lain,0.0,,
2025-02-18,18,2,2025,0.0,,40000.0,Lain lain,0.0,,
2025-02-18,18,2,2025,0.0,,80000.0,Makan,0.0,,
2025-02-18,18,2,2025,0.0,,120000.0,Makan,0.0,,
2025-02-18,18,2,2025,0.0,,160000.0,Makan,0.0,,
2025-02-19,19,2,2025,0.0,,50000.0,Makan,0.0,,
2025-02-19,19,2,2025,0.0,,120000.0,Makan,0.0,,
2025-02-19,19,2,2025,0.0,,120000.0,Makan,0.0,,
2025-02-19,19,2,2025,0.0,,250000.0,Bensin,0.0,,
2025-02-20,20,2,2025,0.0,,30000.0,Makan,0.0,,
2025-02-20,20,2,2025,0.0,,170000.0,Makan,0.0,,
2025-02-21,21,2,2025,0.0,,50000.0,Makan,0.0,,
2025-02-21,21,2,2025,0.0,,100000.0,Makan,0.0,,
2025-02-21,21,2,2025,0.0,,100000.0,Jajan,0.0,,
2025-02-21,21,2,2025,0.0,,100000.0,,0.0,,
2025-02-22,22,2,2025,0.0,,50000.0,Jajan,0.0,,
2025-02-22,22,2,2025,0.0,,50000.0,Lain lain,0.0,,
2025-02-22,22,2,2025,0.0,,90000.0,Lain lain,0.0,,
2025-02-22,22,2,2025,0.0,,120000.0,Makan,0.0,,
2025-02-22,22,2,2025,0.0,,140000.0,Makan,0.0,,
2025-02-22,22,2,2025,0.0,,140000.0,Lain lain,0.0,,
2025-02-22,22,2,2025,2000000.0,,200000.0,Bensin,0.0,,
2025-02-23,23,2,2025,0.0,,30000.0,Makan,0.0,,
2025-02-24,24,2,2025,0.0,,55500.0,,0.0,,
2025-02-24,24,2,2025,0.0,,150000.0,Makan,0.0,,
2025-02-24,24,2,2025,0.0,,150000.0,Jajan,0.0,,
2025-02-24,24,2,2025,0.0,,350500.0,Makan,0.0,,
2025-02-24,24,2,2025,0.0,,1750000.0,Lain lain,0.0,,
2025-02-24,24,2,2025,1389950.0,,220000.0,Makan,0.0,,
2025-02-24,24,2,2025,1800000.0,,30000.0,Makan,0.0,,
2025-02-25,25,2,2025,0.0,,100000.0,,0.0,,
2025-02-25,25,2,2025,0.0,,150000.0,Makan,0.0,,
2025-02-25,25,2,2025,0.0,,170000.0,Makan,0.0,,
2025-02-25,25,2,2025,0.0,,190000.0,Lain lain,0.0,,
2025-02-25,25,2,2025,190000.0,,200000.0,Bensin,0.0,,
2025-02-26,26,2,2025,0.0,,30000.0,Lain lain,0.0,,
2025-02-26,26,2,2025,0.0,,110000.0,Makan,0.0,,
2025-02-26,26,2,2025,0.0,,150000.0,Makan,0.0,,
2025-02-26,26,2,2025,0.0,,255800.0,Lain lain,0.0,,
2025-02-26,26,2,2025,0.0,,400000.0,Lain lain,0.0,,
2025-02-26,26,2,2025,2000000.0,,105000.0,Makan,0.0,,
2025-02-27,27,2,2025,0.0,,40000.0,Lain lain,0.0,,
2025-02-27,27,2,2025,0.0,,60000.0,Makan,0.0,,
2025-02-27,27,2,2025,0.0,,120000.0,Makan,0.0,,
2025-02-28,28,2,2025,0.0,,80000.0,Makan,0.0,,
2025-02-28,28,2,2025,0.0,,100000.0,Makan,0.0,,
2025-02-28,28,2,2025,0.0,,120000.0,Makan,0.0,,
2025-02-28,28,2,2025,0.0,,185000.0,Jajan,0.0,,
2025-02-28,28,2,2025,0.0,,200000.0,Lain lain,0.0,,
2025-02-28,28,2,2025,0.0,,230000.0,Bensin,0.0,,
2025-02-28,28,2,2025,0.0,,770000.0,Lain lain,0.0,,
2025-02-28,28,2,2025,18438030.0,,17556230.0,88180,0.0,,
2025-03-01,1,3,2025,0.0,,0.0,,50000.0,rojan,rojan (50000)
2025-03-01,1,3,2025,0.0,,0.0,,322000.0,githa blm bayar,githa blm bayar (322000)
2025-03-01,1,3,2025,0.0,,100000.0,Makan,0.0,,
2025-03-01,1,3,2025,0.0,,110000.0,Laundry,125000.0,billy blm bayar,billy blm bayar (125000)
2025-03-01,1,3,2025,0.0,,120000.0,Makan,0.0,,
2025-03-01,1,3,2025,322000.0,,100000.0,Jajan,90000.0,Rashky,Rashky (90000)
2025-03-01,1,3,2025,2000000.0,,175000.0,Makan,125000.0,bella blm bayar,bella blm bayar (125000)
2025-03-02,2,3,2025,0.0,,125000.0,Makan,0.0,,
2025-03-02,2,3,2025,0.0,,211500.0,Makan,0.0,,
2025-03-03,3,3,2025,0.0,,80000.0,Lain lain,0.0,,
2025-03-03,3,3,2025,0.0,,97000.0,Makan,0.0,,
2025-03-03,3,3,2025,0.0,,120000.0,Makan,0.0,,
2025-03-04,4,3,2025,0.0,,20000.0,Lain lain,0.0,,
2025-03-04,4,3,2025,0.0,,30000.0,Makan,0.0,,
2025-03-04,4,3,2025,0.0,,50000.0,Makan,0.0,,
2025-03-04,4,3,2025,0.0,,50000.0,Makan,0.0,,
2025-03-04,4,3,2025,0.0,,100000.0,Jajan,0.0,,
2025-03-04,4,3,2025,0.0,,120000.0,Makan,0.0,,
2025-03-04,4,3,2025,0.0,,120000.0,Laundry,0.0,,
2025-03-04,4,3,2025,0.0,,250000.0,Bensin,0.0,,
2025-03-05,5,3,2025,0.0,,30000.0,Makan,0.0,,
2025-03-05,5,3,2025,0.0,,70000.0,Jajan,0.0,,
2025-03-05,5,3,2025,0.0,,200000.0,Lain lain,0.0,,
2025-03-05,5,3,2025,3000000.0,,140000.0,Makan,0.0,,
2025-03-06,6,3,2025,0.0,,20000.0,Lain lain,0.0,,
2025-03-06,6,3,2025,0.0,,50000.0,Jajan,0.0,,
2025-03-06,6,3,2025,0.0,,120000.0,Makan,0.0,,
2025-03-06,6,3,2025,0.0,,150000.0,Makan,0.0,,
2025-03-07,7,3,2025,0.0,,20000.0,Lain lain,0.0,,
2025-03-07,7,3,2025,0.0,,30000.0,Lain lain,0.0,,
2025-03-07,7,3,2025,0.0,,235000.0,Makan,0.0,,
2025-03-07,7,3,2025,0.0,,300000.0,Bensin,0.0,,
2025-03-07,7,3,2025,0.0,,500000.0,Lain lain,0.0,,
2025-03-08,8,3,2025,0.0,,50000.0,Jajan,0.0,,
2025-03-08,8,3,2025,0.0,,70000.0,Jajan,0.0,,
2025-03-08,8,3,2025,0.0,,120000.0,Makan,0.0,,
2025-03-08,8,3,2025,0.0,,140000.0,Makan,0.0,,
2025-03-09,9,3,2025,0.0,,120000.0,Makan,0.0,,
2025-03-10,10,3,2025,0.0,,140000.0,Makan,0.0,,
2025-03-10,10,3,2025,0.0,,150000.0,Jajan,0.0,,
2025-03-10,10,3,2025,2500000.0,,120000.0,Makan,0.0,,
2025-03-11,11,3,2025,0.0,,110000.0,Makan,0.0,,
2025-03-11,11,3,2025,0.0,,150000.0,Bensin,0.0,,
2025-03-11,11,3,2025,0.0,,160000.0,Makan,0.0,,
2025-03-12,12,3,2025,0.0,,50000.0,Lain lain,0.0,,
2025-03-12,12,3,2025,0.0,,140000.0,Laundry,0.0,,
2025-03-12,12,3,2025,0.0,,150000.0,Jajan,0.0,,
2025-03-12,12,3,2025,0.0,,150000.0,Makan,0.0,,
2025-03-12,12,3,2025,0.0,,250000.0,Makan,0.0,,
2025-03-12,12,3,2025,0.0,,900000.0,Lain lain,0.0,,
2025-03-12,12,3,2025,1000000.0,,120000.0,Makan,0.0,,
2025-03-13,13,3,2025,0.0,,90000.0,Jajan,0.0,,
2025-03-13,13,3,2025,0.0,,100000.0,Bensin,0.0,,
2025-03-13,13,3,2025,0.0,,120000.0,Makan,0.0,,
2025-03-14,14,3,2025,0.0,,110000.0,Jajan,0.0,,
2025-03-14,14,3,2025,0.0,,112000.0,Makan,0.0,,
2025-03-14,14,3,2025,0.0,,120000.0,Makan,0.0,,
2025-03-14,14,3,2025,0.0,,130000.0,Lain lain,0.0,,
2025-03-14,14,3,2025,0.0,,300000.0,Bensin,0.0,,
2025-03-16,16,3,2025,2500000.0,,70000.0,Jajan,0.0,,
2025-03-17,17,3,2025,0.0,,100000.0,Jajan,0.0,,
2025-03-17,17,3,2025,0.0,,120000.0,Makan,0.0,,
2025-03-17,17,3,2025,0.0,,150000.0,Makan,0.0,,
2025-03-18,18,3,2025,0.0,,80000.0,Laundry,0.0,,
2025-03-18,18,3,2025,0.0,,255000.0,Makan,0.0,,
2025-03-18,18,3,2025,0.0,,300000.0,Bensin,0.0,,
2025-03-19,19,3,2025,0.0,,130000.0,Makan,0.0,,
2025-03-19,19,3,2025,0.0,,220000.0,Jajan,0.0,,
2025-03-20,20,3,2025,0.0,,50000.0,Jajan,0.0,,
2025-03-20,20,3,2025,0.0,,68000.0,Makan,0.0,,
2025-03-20,20,3,2025,0.0,,70000.0,Makan,0.0,,
2025-03-20,20,3,2025,0.0,,140000.0,Makan,0.0,,
2025-03-20,20,3,2025,0.0,,165000.0,Makan,0.0,,
2025-03-21,21,3,2025,0.0,,130000.0,Bensin,0.0,,
2025-03-21,21,3,2025,0.0,,150000.0,Jajan,0.0,,
2025-03-21,21,3,2025,0.0,,200000.0,Bensin,0.0,,
2025-03-21,21,3,2025,0.0,,250000.0,Bensin,0.0,,
2025-03-21,21,3,2025,1000000.0,,170000.0,Laundry,0.0,,
2025-03-21,21,3,2025,2500000.0,,120000.0,Makan,0.0,,
2025-03-22,22,3,2025,0.0,,50000.0,Jajan,0.0,,
2025-03-22,22,3,2025,0.0,,120000.0,Makan,0.0,,
2025-03-22,22,3,2025,0.0,,160000.0,Makan,0.0,,
2025-03-23,23,3,2025,0.0,,100000.0,Jajan,0.0,,
2025-03-23,23,3,2025,0.0,,200000.0,Galon,0.0,,
2025-03-23,23,3,2025,0.0,,250000.0,Makan,0.0,,
2025-03-24,24,3,2025,0.0,,200000.0,Jajan,0.0,,
2025-03-24,24,3,2025,0.0,,250000.0,Bensin,0.0,,
2025-03-24,24,3,2025,0.0,,260000.0,Makan,0.0,,
2025-03-24,24,3,2025,0.0,,280000.0,Makan,0.0,,
2025-03-25,25,3,2025,0.0,,50000.0,Lain lain,0.0,,
2025-03-27,27,3,2025,0.0,,310000.0,Lain lain,0.0,,
2025-03-27,27,3,2025,14822000.0,,13183500.0,163850,0.0,,
2025-04-01,1,4,2025,0.0,,0.0,,140000.0,exel,exel (140000)
2025-04-01,1,4,2025,0.0,,0.0,,110000.0,Tata,Tata (110000)
2025-04-01,1,4,2025,100000.0,,50000.0,Lain lain,0.0,,
2025-04-01,1,4,2025,200000.0,,100000.0,Lain lain,0.0,,
2025-04-01,1,4,2025,208360.0,,300000.0,Lain lain,255000.0,Ojan,Ojan (255000)
2025-04-01,1,4,2025,700000.0,,309500.0,Lain lain,280000.0,Selvi,Selvi (280000)
2025-04-01,1,4,2025,1688880.0,,0.0,,80000.0,Lidya,Lidya (80000)
2025-04-03,3,4,2025,0.0,,477000.0,Kebutuhan Sehari hari,0.0,,
2025-04-04,4,4,2025,1000000.0,,0.0,,0.0,,
2025-04-04,4,4,2025,2500000.0,,159990.0,Lain lain,0.0,,
2025-04-04,4,4,2025,3000000.0,,0.0,,0.0,,
2025-04-06,6,4,2025,0.0,,180000.0,Makan,0.0,,
2025-04-06,6,4,2025,0.0,,310000.0,Jajan,0.0,,
2025-04-06,6,4,2025,0.0,,350000.0,Bensin,0.0,,
2025-04-06,6,4,2025,0.0,,450000.0,Beli Clip Kaca Mobil,0.0,,
2025-04-07,7,4,2025,0.0,,20000.0,Lain lain,0.0,,
2025-04-07,7,4,2025,0.0,,80000.0,Makan,0.0,,
2025-04-07,7,4,2025,0.0,,90000.0,Jajan,0.0,,
2025-04-07,7,4,2025,0.0,,120000.0,Makan,0.0,,
2025-04-07,7,4,2025,0.0,,140000.0,Makan,0.0,,
2025-04-07,7,4,2025,0.0,,200000.0,Kebutuhan Sehari hari,0.0,,
2025-04-07,7,4,2025,0.0,,200000.0,Lain lain,0.0,,
2025-04-07,7,4,2025,0.0,,238000.0,Kebutuhan Sehari hari,0.0,,
2025-04-08,8,4,2025,0.0,,120000.0,Makan,0.0,,
2025-04-08,8,4,2025,0.0,,120000.0,Makan,0.0,,
2025-04-09,9,4,2025,0.0,,90000.0,Makan,0.0,,
2025-04-09,9,4,2025,0.0,,120000.0,Makan,0.0,,
2025-04-09,9,4,2025,0.0,,120000.0,Makan,0.0,,
2025-04-10,10,4,2025,0.0,,70000.0,Makan,0.0,,
2025-04-10,10,4,2025,0.0,,110000.0,Makan,0.0,,
2025-04-10,10,4,2025,0.0,,140000.0,Makan,0.0,,
2025-04-10,10,4,2025,0.0,,150000.0,Bensin,0.0,,
2025-04-10,10,4,2025,0.0,,1600000.0,Kebutuhan Sehari hari,0.0,,
2025-04-11,11,4,2025,0.0,,50000.0,Lain lain,0.0,,
2025-04-11,11,4,2025,0.0,,60000.0,Jajan,0.0,,
2025-04-11,11,4,2025,0.0,,70000.0,Jajan,0.0,,
2025-04-11,11,4,2025,0.0,,359080.0,,0.0,,
2025-04-12,12,4,2025,0.0,,10000.0,Lain lain,0.0,,
2025-04-12,12,4,2025,0.0,,70000.0,Jajan,0.0,,
2025-04-12,12,4,2025,0.0,,120000.0,Lain lain,0.0,,
2025-04-12,12,4,2025,0.0,,185000.0,Makan,0.0,,
2025-04-12,12,4,2025,0.0,,190000.0,Makan,0.0,,
2025-04-13,13,4,2025,0.0,,68000.0,Makan,0.0,,
2025-04-13,13,4,2025,0.0,,70000.0,Makan,0.0,,
2025-04-13,13,4,2025,2500000.0,,140000.0,Makan,0.0,,
2025-04-14,14,4,2025,0.0,,20000.0,Lain lain,0.0,,
2025-04-14,14,4,2025,0.0,,20000.0,Lain lain,0.0,,
2025-04-14,14,4,2025,0.0,,250000.0,Makan,0.0,,
2025-04-15,15,4,2025,0.0,,30000.0,Jajan,0.0,,
2025-04-15,15,4,2025,0.0,,65000.0,Makan,0.0,,
2025-04-15,15,4,2025,0.0,,110000.0,Makan,0.0,,
2025-04-15,15,4,2025,0.0,,274000.0,Makan,0.0,,
2025-04-16,16,4,2025,0.0,,65000.0,Makan,0.0,,
2025-04-16,16,4,2025,0.0,,80000.0,Makan,0.0,,
2025-04-16,16,4,2025,0.0,,140000.0,Makan,0.0,,
2025-04-16,16,4,2025,0.0,,200000.0,Galon,0.0,,
2025-04-17,17,4,2025,0.0,,60000.0,Makan,0.0,,
2025-04-17,17,4,2025,0.0,,64000.0,Makan,0.0,,
2025-04-17,17,4,2025,0.0,,85000.0,Jajan,0.0,,
2025-04-17,17,4,2025,0.0,,200000.0,Bensin,0.0,,
2025-04-17,17,4,2025,0.0,,229000.0,Makan,0.0,,
2025-04-18,18,4,2025,0.0,,50000.0,Jajan,0.0,,
2025-04-18,18,4,2025,0.0,,120000.0,Makan,0.0,,
2025-04-18,18,4,2025,0.0,,1000000.0,,0.0,,
2025-04-18,18,4,2025,3000000.0,,120000.0,Makan,0.0,,
2025-04-19,19,4,2025,0.0,,20000.0,Lain lain,0.0,,
2025-04-19,19,4,2025,0.0,,60000.0,Jajan,0.0,,
2025-04-19,19,4,2025,0.0,,120000.0,Makan,0.0,,
2025-04-19,19,4,2025,0.0,,150000.0,Jajan,0.0,,
2025-04-19,19,4,2025,0.0,,250000.0,Bensin,0.0,,
2025-04-20,20,4,2025,0.0,,50000.0,Jajan,0.0,,
2025-04-20,20,4,2025,0.0,,70000.0,Jajan,0.0,,
2025-04-20,20,4,2025,0.0,,225000.0,Makan,0.0,,
2025-04-21,21,4,2025,0.0,,50000.0,Jajan,0.0,,
2025-04-21,21,4,2025,0.0,,120000.0,Makan,0.0,,
2025-04-21,21,4,2025,0.0,,120000.0,Makan,0.0,,
2025-04-22,22,4,2025,0.0,,105000.0,Makan,0.0,,
2025-04-22,22,4,2025,0.0,,110000.0,Joki Laprak,0.0,,
2025-04-22,22,4,2025,0.0,,120000.0,Makan,0.0,,
2025-04-22,22,4,2025,0.0,,210000.0,Jajan,0.0,,
2025-04-22,22,4,2025,0.0,,229000.0,Makan,0.0,,
2025-04-22,22,4,2025,0.0,,255000.0,Ojan,0.0,,
2025-04-22,22,4,2025,0.0,,280000.0,Selvi,0.0,,
2025-04-22,22,4,2025,0.0,,400000.0,Lain lain,0.0,,
2025-04-23,23,4,2025,0.0,,50000.0,Lain lain,0.0,,
2025-04-23,23,4,2025,0.0,,60000.0,Jajan,0.0,,
2025-04-23,23,4,2025,0.0,,85000.0,Jajan,0.0,,
2025-04-23,23,4,2025,0.0,,110000.0,Lain lain,0.0,,
2025-04-23,23,4,2025,0.0,,120000.0,Lain lain,0.0,,
2025-04-23,23,4,2025,0.0,,160000.0,Makan,0.0,,
2025-04-23,23,4,2025,0.0,,200000.0,Bensin,0.0,,
2025-04-23,23,4,2025,0.0,,238000.0,Kebutuhan Sehari hari,0.0,,
2025-04-23,23,4,2025,255000.0,,300000.0,Bensin,0.0,,
2025-04-23,23,4,2025,2500000.0,,300000.0,Bensin,0.0,,
2025-04-24,24,4,2025,0.0,,200000.0,Bensin,0.0,,
2025-04-24,24,4,2025,0.0,,250000.0,Makan,0.0,,
2025-04-25,25,4,2025,0.0,,66000.0,Makan,0.0,,
2025-04-25,25,4,2025,0.0,,70000.0,Makan,0.0,,
2025-04-25,25,4,2025,0.0,,250000.0,Bensin,0.0,,
2025-04-25,25,4,2025,1500000.0,,220000.0,Makan,0.0,,
2025-04-26,26,4,2025,0.0,,20000.0,Lain lain,0.0,,
2025-04-26,26,4,2025,0.0,,140000.0,Makan,0.0,,
2025-04-26,26,4,2025,0.0,,470000.0,Makan,0.0,,
2025-04-27,27,4,2025,0.0,,40000.0,Jajan,0.0,,
2025-04-27,27,4,2025,0.0,,40000.0,Jajan,0.0,,
2025-04-27,27,4,2025,0.0,,100000.0,Makan,0.0,,
2025-04-27,27,4,2025,0.0,,120000.0,Makan,0.0,,
2025-04-27,27,4,2025,0.0,,140000.0,Makan,0.0,,
2025-04-27,27,4,2025,0.0,,200000.0,Bensin,0.0,,
2025-04-28,28,4,2025,0.0,,20000.0,Lain lain,0.0,,
2025-04-28,28,4,2025,0.0,,30000.0,Lain lain,0.0,,
2025-04-28,28,4,2025,0.0,,65000.0,Makan,0.0,,
2025-04-28,28,4,2025,0.0,,150000.0,Bensin,0.0,,
2025-04-28,28,4,2025,0.0,,150000.0,Makan,0.0,,
2025-04-28,28,4,2025,0.0,,500000.0,Kebutuhan Sehari hari,0.0,,
2025-04-29,29,4,2025,0.0,,20000.0,Lain lain,0.0,,
2025-04-29,29,4,2025,0.0,,120000.0,Makan,0.0,,
2025-04-29,29,4,2025,0.0,,120000.0,Makan,0.0,,
2025-04-29,29,4,2025,0.0,,125000.0,Lain lain,0.0,,
2025-04-29,29,4,2025,2000000.0,,50000.0,Makan,0.0,,
2025-04-30,30,4,2025,0.0,,20000.0,Lain lain,0.0,,
2025-04-30,30,4,2025,0.0,,130000.0,Makan,0.0,,
2025-04-30,30,4,2025,0.0,,165000.0,Makan,0.0,,
2025-04-30,30,4,2025,0.0,,190000.0,Makan,0.0,,
2025-04-30,30,4,2025,21152240.0,,19736570.0,141567,0.0,,
2025-05-01,1,5,2025,0.0,,0.0,,75000.0,Dika,Dika (75000)
2025-05-01,1,5,2025,0.0,,0.0,,145000.0,Kak ryan blm bayar,Kak ryan blm bayar (145000)
2025-05-01,1,5,2025,0.0,,20000.0,Jajan,200000.0,Githa,Githa (200000)
2025-05-01,1,5,2025,0.0,,160000.0,Makan,0.0,,
2025-05-01,1,5,2025,0.0,,200000.0,Galon,145000.0,kak haidar blm bayar,kak haidar blm bayar (145000)
2025-05-01,1,5,2025,0.0,,230000.0,Makan,540000.0,Mut,Mut (540000)
2025-05-01,1,5,2025,1493890.0,,2000000.0,Nabung,90000.0,Ari,Ari (90000)
2025-05-02,2,5,2025,0.0,,20000.0,Lain lain,0.0,,
2025-05-02,2,5,2025,0.0,,50000.0,Lain lain,0.0,,
2025-05-02,2,5,2025,0.0,,120000.0,Makan,0.0,,
2025-05-02,2,5,2025,0.0,,160000.0,Jajan,0.0,,
2025-05-02,2,5,2025,0.0,,250000.0,Bensin,0.0,,
2025-05-02,2,5,2025,0.0,,325000.0,Lain lain,0.0,,
2025-05-02,2,5,2025,2500000.0,,110000.0,Makan,0.0,,
2025-05-03,3,5,2025,0.0,,20000.0,Lain lain,0.0,,
2025-05-03,3,5,2025,0.0,,60000.0,Makan,0.0,,
2025-05-03,3,5,2025,0.0,,65000.0,Makan,0.0,,
2025-05-03,3,5,2025,0.0,,120000.0,Makan,0.0,,
2025-05-03,3,5,2025,0.0,,150000.0,Jajan,0.0,,
2025-05-05,5,5,2025,0.0,,20000.0,Lain lain,0.0,,
2025-05-05,5,5,2025,0.0,,60000.0,Makan,0.0,,
2025-05-05,5,5,2025,0.0,,120000.0,Makan,0.0,,
2025-05-05,5,5,2025,0.0,,120000.0,Makan,0.0,,
2025-05-06,6,5,2025,0.0,,70000.0,Makan,0.0,,
2025-05-06,6,5,2025,0.0,,110000.0,Makan,0.0,,
2025-05-06,6,5,2025,0.0,,150000.0,Makan,0.0,,
2025-05-07,7,5,2025,0.0,,110000.0,Makan,0.0,,
2025-05-07,7,5,2025,0.0,,255000.0,Makan,0.0,,
2025-05-07,7,5,2025,2500000.0,,100000.0,Makan,0.0,,
2025-05-08,8,5,2025,0.0,,60000.0,Jajan,0.0,,
2025-05-08,8,5,2025,0.0,,110000.0,Makan,0.0,,
2025-05-08,8,5,2025,0.0,,130000.0,Makan,0.0,,
2025-05-08,8,5,2025,0.0,,220000.0,Makan,0.0,,
2025-05-08,8,5,2025,0.0,,300000.0,Makan,0.0,,
2025-05-09,9,5,2025,0.0,,100000.0,Makan,0.0,,
2025-05-09,9,5,2025,0.0,,120000.0,Makan,0.0,,
2025-05-09,9,5,2025,0.0,,265000.0,Makan,0.0,,
2025-05-10,10,5,2025,0.0,,55000.0,Jajan,0.0,,
2025-05-10,10,5,2025,0.0,,140000.0,Makan,0.0,,
2025-05-10,10,5,2025,0.0,,362570.0,Makan,0.0,,
2025-05-10,10,5,2025,1000000.0,,60000.0,Makan,0.0,,
2025-05-11,11,5,2025,0.0,,140000.0,Makan,0.0,,
2025-05-11,11,5,2025,2500000.0,,130000.0,Makan,0.0,,
2025-05-12,12,5,2025,0.0,,100000.0,Makan,0.0,,
2025-05-12,12,5,2025,0.0,,150000.0,Lain lain,0.0,,
2025-05-12,12,5,2025,1000000.0,,250000.0,Bensin,0.0,,
2025-05-13,13,5,2025,0.0,,20000.0,Lain lain,0.0,,
2025-05-13,13,5,2025,0.0,,40000.0,Jajan,0.0,,
2025-05-13,13,5,2025,0.0,,130000.0,Makan,0.0,,
2025-05-13,13,5,2025,0.0,,250000.0,Bensin,0.0,,
2025-05-13,13,5,2025,0.0,,435000.0,Di Selvi,0.0,,
2025-05-13,13,5,2025,145000.0,,500000.0,Kok,0.0,,
2025-05-13,13,5,2025,200000.0,,500000.0,Bultang,0.0,,
2025-05-14,14,5,2025,0.0,,50000.0,Lain lain,0.0,,
2025-05-14,14,5,2025,0.0,,50000.0,Jajan,0.0,,
2025-05-14,14,5,2025,0.0,,120000.0,Makan,0.0,,
2025-05-14,14,5,2025,0.0,,120000.0,Makan,0.0,,
2025-05-14,14,5,2025,0.0,,145000.0,temen kak akmal blm bayar,0.0,,
2025-05-14,14,5,2025,0.0,,145000.0,Di Selvi,0.0,,
2025-05-15,15,5,2025,0.0,,84000.0,Jajan,0.0,,
2025-05-15,15,5,2025,0.0,,100000.0,Lain lain,0.0,,
2025-05-15,15,5,2025,0.0,,101000.0,Makan,0.0,,
2025-05-15,15,5,2025,0.0,,150000.0,Makan,0.0,,
2025-05-15,15,5,2025,100000.0,,110000.0,Makan,0.0,,
2025-05-16,16,5,2025,0.0,,200000.0,Lain lain,0.0,,
2025-05-16,16,5,2025,0.0,,290000.0,Makan,0.0,,
2025-05-16,16,5,2025,0.0,,540000.0,Lain lain,0.0,,
2025-05-16,16,5,2025,100000.0,,200000.0,Bensin,0.0,,
2025-05-16,16,5,2025,2500000.0,,115000.0,Makan,0.0,,
2025-05-17,17,5,2025,0.0,,70000.0,Jajan,0.0,,
2025-05-17,17,5,2025,0.0,,110000.0,Makan,0.0,,
2025-05-17,17,5,2025,0.0,,140000.0,Makan,0.0,,
2025-05-18,18,5,2025,0.0,,120000.0,Makan,0.0,,
2025-05-18,18,5,2025,0.0,,140000.0,Makan,0.0,,
2025-05-18,18,5,2025,0.0,,160000.0,Jajan,0.0,,
2025-05-18,18,5,2025,0.0,,630000.0,Di Selvi,0.0,,
2025-05-19,19,5,2025,0.0,,45000.0,Jajan,0.0,,
2025-05-19,19,5,2025,0.0,,130000.0,Makan,0.0,,
2025-05-19,19,5,2025,1080000.0,,140000.0,Makan,0.0,,
2025-05-20,20,5,2025,0.0,,40000.0,Jajan,0.0,,
2025-05-20,20,5,2025,0.0,,50000.0,Lain lain,0.0,,
2025-05-20,20,5,2025,0.0,,70000.0,Jajan,0.0,,
2025-05-20,20,5,2025,0.0,,120000.0,Makan,0.0,,
2025-05-20,20,5,2025,0.0,,180000.0,Makan,0.0,,
2025-05-20,20,5,2025,0.0,,250000.0,Bensin,0.0,,
2025-05-21,21,5,2025,0.0,,50000.0,Lain lain,0.0,,
2025-05-21,21,5,2025,0.0,,100000.0,Lain lain,0.0,,
2025-05-21,21,5,2025,0.0,,130000.0,Makan,0.0,,
2025-05-21,21,5,2025,0.0,,130000.0,Makan,0.0,,
2025-05-21,21,5,2025,2500000.0,,80000.0,Jajan,0.0,,
2025-05-22,22,5,2025,0.0,,25000.0,Lain lain,0.0,,
2025-05-22,22,5,2025,0.0,,40000.0,Jajan,0.0,,
2025-05-22,22,5,2025,0.0,,100000.0,Jajan,0.0,,
2025-05-22,22,5,2025,0.0,,110000.0,Makan,0.0,,
2025-05-22,22,5,2025,0.0,,180000.0,Jajan,0.0,,
2025-05-22,22,5,2025,0.0,,200000.0,Makan,0.0,,
2025-05-23,23,5,2025,0.0,,50000.0,Jajan,0.0,,
2025-05-23,23,5,2025,0.0,,120000.0,Makan,0.0,,
2025-05-23,23,5,2025,0.0,,200000.0,Makan,0.0,,
2025-05-24,24,5,2025,0.0,,25000.0,Lain lain,0.0,,
2025-05-24,24,5,2025,0.0,,64000.0,Makan,0.0,,
2025-05-24,24,5,2025,0.0,,70000.0,Lain lain,0.0,,
2025-05-24,24,5,2025,0.0,,75000.0,Jajan,0.0,,
2025-05-24,24,5,2025,0.0,,100000.0,Makan,0.0,,
2025-05-24,24,5,2025,0.0,,100000.0,Bensin,0.0,,
2025-05-24,24,5,2025,0.0,,200000.0,Galon,0.0,,
2025-05-24,24,5,2025,0.0,,295000.0,Makan,0.0,,
2025-05-25,25,5,2025,0.0,,50000.0,Makan,0.0,,
2025-05-25,25,5,2025,0.0,,75000.0,Jajan,0.0,,
2025-05-25,25,5,2025,0.0,,90000.0,Makan,0.0,,
2025-05-25,25,5,2025,0.0,,155000.0,Makan,0.0,,
2025-05-26,26,5,2025,0.0,,20000.0,Lain lain,0.0,,
2025-05-26,26,5,2025,0.0,,100000.0,Makan,0.0,,
2025-05-26,26,5,2025,0.0,,125000.0,Jajan,0.0,,
2025-05-26,26,5,2025,0.0,,130000.0,Makan,0.0,,
2025-05-26,26,5,2025,0.0,,200000.0,Bensin,0.0,,
2025-05-26,26,5,2025,2500000.0,,50000.0,Jajan,0.0,,
2025-05-27,27,5,2025,0.0,,140000.0,Makan,0.0,,
2025-05-27,27,5,2025,0.0,,145000.0,Makan,0.0,,
2025-05-27,27,5,2025,0.0,,150000.0,Makan,0.0,,
2025-05-27,27,5,2025,0.0,,238000.0,Lain lain,0.0,,
2025-05-28,28,5,2025,0.0,,120000.0,Makan,0.0,,
2025-05-28,28,5,2025,0.0,,120000.0,Makan,0.0,,
2025-05-28,28,5,2025,0.0,,140000.0,Makan,0.0,,
2025-05-29,29,5,2025,0.0,,50000.0,Jajan,0.0,,
2025-05-29,29,5,2025,0.0,,120000.0,Makan,0.0,,
2025-05-29,29,5,2025,0.0,,146000.0,Jajan,0.0,,
2025-05-29,29,5,2025,0.0,,217000.0,Sabun,0.0,,
2025-05-29,29,5,2025,0.0,,250000.0,Bensin,0.0,,
2025-05-29,29,5,2025,500000.0,,120000.0,Makan,0.0,,
2025-05-30,30,5,2025,0.0,,30000.0,Zanita,0.0,,
2025-05-30,30,5,2025,0.0,,150000.0,Makan,0.0,,
2025-05-30,30,5,2025,0.0,,200000.0,Zanita,0.0,,
2025-05-30,30,5,2025,230000.0,,50000.0,Lain lain,0.0,,
2025-05-30,30,5,2025,2500000.0,,230000.0,Makan,0.0,,
2025-05-31,31,5,2025,0.0,,65000.0,Makan,0.0,,
2025-05-31,31,5,2025,0.0,,70000.0,Jajan,0.0,,
2025-05-31,31,5,2025,0.0,,134000.0,Makan,0.0,,
2025-05-31,31,5,2025,0.0,,180000.0,kas,0.0,,
2025-05-31,31,5,2025,0.0,,267580.0,Makan,0.0,,
2025-05-31,31,5,2025,23348890.0,,21429150.0,191974,0.0,,
2025-06-01,1,6,2025,0.0,,50000.0,Jajan,0.0,,
2025-06-01,1,6,2025,0.0,,120000.0,Makan,0.0,,
2025-06-01,1,6,2025,0.0,,170000.0,Makan,0.0,,
2025-06-01,1,6,2025,0.0,,250000.0,Bensin,0.0,,
2025-06-01,1,6,2025,2460860.0,,2000000.0,Nabung,0.0,10000.0,10000.0 (0)
2025-06-02,2,6,2025,0.0,,35000.0,Jajan,0.0,,
2025-06-02,2,6,2025,0.0,,50000.0,Makan,0.0,,
2025-06-02,2,6,2025,0.0,,110000.0,Makan,0.0,,
2025-06-03,3,6,2025,0.0,,130000.0,Makan,0.0,,
2025-06-03,3,6,2025,0.0,,200000.0,Bensin,0.0,,
2025-06-03,3,6,2025,2500000.0,,50000.0,Jajan,0.0,,
2025-06-04,4,6,2025,0.0,,20000.0,Lain lain,0.0,,
2025-06-04,4,6,2025,0.0,,70000.0,Jajan,0.0,,
2025-06-04,4,6,2025,0.0,,100000.0,Makan,0.0,,
2025-06-04,4,6,2025,0.0,,150000.0,Makan,0.0,,
2025-06-05,5,6,2025,0.0,,100000.0,Bayar Tata,0.0,,
2025-06-05,5,6,2025,0.0,,120000.0,Makan,0.0,,
2025-06-05,5,6,2025,0.0,,150000.0,Makan,0.0,,
2025-06-06,6,6,2025,0.0,,77000.0,Jajan,0.0,,
2025-06-06,6,6,2025,0.0,,150000.0,Bayar Ojan,0.0,,
2025-06-06,6,6,2025,0.0,,220000.0,Jajan,0.0,,
2025-06-06,6,6,2025,0.0,,250000.0,Bensin,0.0,,
2025-06-06,6,6,2025,0.0,,500000.0,Lain lain,0.0,,
2025-06-06,6,6,2025,150000.0,,150000.0,Makan,0.0,,
2025-06-06,6,6,2025,2500000.0,,190000.0,Makan,0.0,,
2025-06-07,7,6,2025,0.0,,100000.0,Makan,0.0,,
2025-06-07,7,6,2025,0.0,,255000.0,Makan,0.0,,
2025-06-08,8,6,2025,0.0,,60000.0,Laundry,0.0,,
2025-06-08,8,6,2025,0.0,,100000.0,Bon Cabe ama Chocolatos,0.0,,
2025-06-08,8,6,2025,0.0,,110000.0,Makan,0.0,,
2025-06-08,8,6,2025,0.0,,120000.0,Makan,0.0,,
2025-06-09,9,6,2025,0.0,,130000.0,Makan,0.0,,
2025-06-09,9,6,2025,0.0,,250000.0,Bensin,0.0,,
2025-06-09,9,6,2025,0.0,,330000.0,Makan,0.0,,
2025-06-10,10,6,2025,0.0,,100000.0,Makan,0.0,,
2025-06-10,10,6,2025,0.0,,100000.0,Jajan,0.0,,
2025-06-10,10,6,2025,0.0,,150000.0,Makan,0.0,,
2025-06-11,11,6,2025,0.0,,64000.0,Makan,0.0,,
2025-06-11,11,6,2025,0.0,,98000.0,Jajan,0.0,,
2025-06-11,11,6,2025,0.0,,120000.0,Makan,0.0,,
2025-06-11,11,6,2025,0.0,,150000.0,Makan,0.0,,
2025-06-11,11,6,2025,0.0,,215000.0,Galon,0.0,,
2025-06-12,12,6,2025,0.0,,50000.0,Jajan,0.0,,
2025-06-12,12,6,2025,0.0,,160000.0,Makan,0.0,,
2025-06-12,12,6,2025,2500000.0,,120000.0,Makan,0.0,,
2025-06-13,13,6,2025,0.0,,120000.0,Makan,0.0,,
2025-06-13,13,6,2025,0.0,,250000.0,Lain lain,0.0,,
2025-06-14,14,6,2025,0.0,,100000.0,Makan,0.0,,
2025-06-14,14,6,2025,0.0,,120000.0,Makan,0.0,,
2025-06-14,14,6,2025,0.0,,170000.0,Makan,0.0,,
2025-06-15,15,6,2025,0.0,,120000.0,,0.0,,
2025-06-15,15,6,2025,0.0,,150000.0,Makan,0.0,,
2025-06-15,15,6,2025,0.0,,164000.0,Jajan,0.0,,
2025-06-15,15,6,2025,0.0,,184000.0,Makan,0.0,,
2025-06-16,16,6,2025,0.0,,120000.0,Makan,0.0,,
2025-06-16,16,6,2025,0.0,,120000.0,,0.0,,
2025-06-16,16,6,2025,0.0,,200000.0,Bensin,0.0,,
2025-06-16,16,6,2025,90000.0,,140000.0,Makan,0.0,,
2025-06-17,17,6,2025,0.0,,70000.0,Jajan,0.0,,
2025-06-17,17,6,2025,0.0,,150000.0,Makan,0.0,,
2025-06-17,17,6,2025,2500000.0,,120000.0,Makan,0.0,,
2025-06-18,18,6,2025,0.0,,75000.0,Makan,0.0,,
2025-06-18,18,6,2025,0.0,,75000.0,Jajan,0.0,,
2025-06-18,18,6,2025,0.0,,120000.0,Makan,0.0,,
2025-06-18,18,6,2025,0.0,,140000.0,Makan,0.0,,
2025-06-18,18,6,2025,0.0,,224000.0,Shampoo,0.0,,
2025-06-19,19,6,2025,0.0,,20000.0,ngeprint,0.0,,
2025-06-19,19,6,2025,0.0,,100000.0,Makan,0.0,,
2025-06-19,19,6,2025,0.0,,105000.0,Makan,0.0,,
2025-06-19,19,6,2025,0.0,,130000.0,Makan,0.0,,
2025-06-19,19,6,2025,0.0,,219000.0,Shampoo,0.0,,
2025-06-20,20,6,2025,0.0,,70000.0,Jajan,0.0,,
2025-06-20,20,6,2025,0.0,,101000.0,Makan,0.0,,
2025-06-20,20,6,2025,0.0,,120000.0,Makan,0.0,,
2025-06-21,21,6,2025,0.0,,66000.0,Makan,0.0,,
2025-06-21,21,6,2025,0.0,,75000.0,Telor,0.0,,
2025-06-21,21,6,2025,0.0,,78000.0,Larutan,0.0,,
2025-06-21,21,6,2025,0.0,,85000.0,Jajan,0.0,,
2025-06-21,21,6,2025,0.0,,90000.0,Laundry,0.0,,
2025-06-21,21,6,2025,0.0,,140000.0,Makan,0.0,,
2025-06-21,21,6,2025,0.0,,200000.0,Bensin,0.0,,
2025-06-22,22,6,2025,0.0,,36000.0,Jajan,0.0,,
2025-06-22,22,6,2025,0.0,,75000.0,,0.0,,
2025-06-22,22,6,2025,0.0,,90000.0,Makan,0.0,,
2025-06-22,22,6,2025,0.0,,90000.0,,0.0,,
2025-06-22,22,6,2025,0.0,,100000.0,Good Day,0.0,,
2025-06-22,22,6,2025,0.0,,120000.0,Larutan,0.0,,
2025-06-22,22,6,2025,0.0,,190000.0,Jajan,0.0,,
2025-06-22,22,6,2025,0.0,,330000.0,Makan,0.0,,
2025-06-22,22,6,2025,2500000.0,,60000.0,Jajan,0.0,,
2025-06-23,23,6,2025,0.0,,120000.0,Makan,0.0,,
2025-06-23,23,6,2025,0.0,,170000.0,Makan,0.0,,
2025-06-23,23,6,2025,0.0,,187630.0,Makan,0.0,,
2025-06-24,24,6,2025,0.0,,50000.0,Jajan,0.0,,
2025-06-24,24,6,2025,0.0,,50000.0,Lain lain,0.0,,
2025-06-24,24,6,2025,0.0,,200000.0,Makan,0.0,,
2025-06-25,25,6,2025,0.0,,60000.0,Lain lain,0.0,,
2025-06-25,25,6,2025,0.0,,120000.0,Makan,0.0,,
2025-06-25,25,6,2025,0.0,,140000.0,Jajan,0.0,,
2025-06-25,25,6,2025,0.0,,230000.0,Makan,0.0,,
2025-06-26,26,6,2025,0.0,,120000.0,Makan,0.0,,
2025-06-26,26,6,2025,0.0,,150000.0,Makan,0.0,,
2025-06-27,27,6,2025,0.0,,65000.0,Lain lain,0.0,,
2025-06-27,27,6,2025,0.0,,210000.0,Lain lain,0.0,,
2025-06-27,27,6,2025,2500000.0,,80000.0,Jajan,0.0,,
2025-06-30,30,6,2025,90000.0,,160000.0,Laundry,0.0,,
2025-06-30,30,6,2025,200000.0,,250000.0,Jajan,0.0,,
2025-06-30,30,6,2025,17990860.0,,16178630.0,181223,0.0,,
2025-07-01,1,7,2025,0.0,,60000.0,Makan,0.0,,
2025-07-01,1,7,2025,0.0,,70000.0,Jajan,0.0,,
2025-07-02,2,7,2025,0.0,,120000.0,Makan,0.0,,
2025-07-02,2,7,2025,0.0,,140000.0,Makan,0.0,,
2025-07-03,3,7,2025,0.0,,105000.0,Makan,0.0,,
2025-07-03,3,7,2025,0.0,,115500.0,Lain lain,0.0,,
2025-07-03,3,7,2025,0.0,,120000.0,Makan,0.0,,
2025-07-03,3,7,2025,0.0,,160000.0,Jajan,0.0,,
2025-07-03,3,7,2025,0.0,,165000.0,Lain lain,0.0,,
2025-07-03,3,7,2025,0.0,,229000.0,Makan,0.0,,
2025-07-03,3,7,2025,0.0,,500000.0,Kaos Kaki,0.0,,
2025-07-04,4,7,2025,0.0,,80000.0,,0.0,,
2025-07-04,4,7,2025,0.0,,80000.0,,0.0,,
2025-07-04,4,7,2025,0.0,,110000.0,Makan,0.0,,
2025-07-04,4,7,2025,0.0,,110000.0,Makan,0.0,,
2025-07-05,5,7,2025,1000000.0,,50000.0,Jajan,0.0,,
2025-07-06,6,7,2025,0.0,,100000.0,Jajan,0.0,,
2025-07-06,6,7,2025,0.0,,430000.0,Jajan,0.0,,
2025-07-06,6,7,2025,0.0,,439600.0,Jajan,0.0,,
2025-07-08,8,7,2025,0.0,,400000.0,Lain lain,0.0,,
2025-07-08,8,7,2025,0.0,,650000.0,,0.0,,
2025-07-10,10,7,2025,0.0,,50000.0,Lain lain,0.0,,
2025-07-10,10,7,2025,0.0,,100000.0,Lain lain,0.0,,
2025-07-10,10,7,2025,0.0,,190000.0,Jajan,0.0,,
2025-07-10,10,7,2025,0.0,,490000.0,Lain lain,0.0,,
2025-07-13,13,7,2025,0.0,,220000.0,Jajan,0.0,,
2025-07-14,14,7,2025,0.0,,20000.0,Jajan,0.0,,
2025-07-15,15,7,2025,0.0,,50000.0,Jajan,0.0,,
2025-07-16,16,7,2025,0.0,,50000.0,Jajan,0.0,,
2025-07-17,17,7,2025,0.0,,50000.0,Jajan,0.0,,
2025-07-18,18,7,2025,0.0,,50000.0,Jajan,0.0,,
2025-07-19,19,7,2025,0.0,,60000.0,Jajan,0.0,,
2025-07-19,19,7,2025,0.0,,140000.0,Makan,0.0,,
2025-07-19,19,7,2025,0.0,,240000.0,Makan,0.0,,
2025-07-20,20,7,2025,0.0,,50000.0,Jajan,0.0,,
2025-07-20,20,7,2025,0.0,,60000.0,Jajan,0.0,,
2025-07-20,20,7,2025,0.0,,140000.0,Makan,0.0,,
2025-07-20,20,7,2025,0.0,,150000.0,Jajan,0.0,,
2025-07-20,20,7,2025,0.0,,160000.0,Makan,0.0,,
2025-07-20,20,7,2025,0.0,,200000.0,Bensin,0.0,,
2025-07-20,20,7,2025,0.0,,240000.0,Jajan,0.0,,
2025-07-20,20,7,2025,0.0,,400000.0,Lain lain,0.0,,
2025-07-21,21,7,2025,50000.0,,70000.0,Jajan,0.0,,
2025-07-24,24,7,2025,0.0,,50000.0,Jajan,0.0,,
2025-07-26,26,7,2025,0.0,,70000.0,Jajan,0.0,,
2025-07-26,26,7,2025,0.0,,70000.0,Jajan,0.0,,
2025-07-26,26,7,2025,0.0,,160000.0,Makan,0.0,,
2025-07-27,27,7,2025,0.0,,20000.0,Jajan,0.0,,
2025-07-28,28,7,2025,0.0,,160000.0,Jajan,0.0,,
2025-07-30,30,7,2025,0.0,,170000.0,Jajan,0.0,,
2025-07-30,30,7,2025,0.0,,500000.0,Lain lain,0.0,,
2025-07-31,31,7,2025,0.0,,160000.0,Makan,0.0,,
2025-07-31,31,7,2025,0.0,,215000.0,Makan,0.0,,
2025-07-31,31,7,2025,1050000.0,,8989100.0,-793910,0.0,,
2025-08-01,1,8,2025,0.0,,0.0,,2000.0,bang tahu telor,bang tahu telor (2000)
2025-08-01,1,8,2025,0.0,,0.0,,80000.0,kania,kania (80000)
2025-08-01,1,8,2025,0.0,,30000.0,Lain lain,0.0,,
2025-08-01,1,8,2025,0.0,,120000.0,Lain lain,0.0,,
2025-08-01,1,8,2025,0.0,,120000.0,Lain lain,0.0,,
2025-08-01,1,8,2025,0.0,,155000.0,Makan,0.0,,
2025-08-01,1,8,2025,0.0,,200000.0,Lain lain,0.0,,
2025-08-01,1,8,2025,3000000.0,,110000.0,Makan,0.0,,
2025-08-02,2,8,2025,0.0,,90000.0,Makan,0.0,,
2025-08-02,2,8,2025,0.0,,115000.0,Makan,0.0,,
2025-08-02,2,8,2025,0.0,,200000.0,Galon,0.0,,
2025-08-03,3,8,2025,0.0,,110000.0,Makan,0.0,,
2025-08-03,3,8,2025,0.0,,140000.0,Makan,0.0,,
2025-08-03,3,8,2025,0.0,,300000.0,Lain lain,0.0,,
2025-08-04,4,8,2025,0.0,,60000.0,Lain lain,0.0,,
2025-08-04,4,8,2025,0.0,,120000.0,Makan,0.0,,
2025-08-04,4,8,2025,0.0,,200000.0,Bensin,0.0,,
2025-08-04,4,8,2025,0.0,,229000.0,Makan,0.0,,
2025-08-04,4,8,2025,0.0,,760000.0,Jajan,0.0,,
2025-08-05,5,8,2025,0.0,,10000.0,Lain lain,0.0,,
2025-08-10,10,8,2025,0.0,,80000.0,Lain lain,0.0,,
2025-08-10,10,8,2025,0.0,,150000.0,Lain lain,0.0,,
2025-08-10,10,8,2025,0.0,,210000.0,Makan,0.0,,
2025-08-10,10,8,2025,0.0,,240000.0,Lain lain,0.0,,
2025-08-10,10,8,2025,600000.0,,200000.0,Lain lain,0.0,,
2025-08-16,16,8,2025,0.0,,120000.0,Makan,0.0,,
2025-08-16,16,8,2025,0.0,,190000.0,Jajan,0.0,,
2025-08-16,16,8,2025,0.0,,240000.0,Lain lain,0.0,,
2025-08-16,16,8,2025,0.0,,450000.0,Lain lain,0.0,,
2025-08-16,16,8,2025,900000.0,,280000.0,Lain lain,0.0,,
2025-08-16,16,8,2025,2500000.0,,120000.0,Makan,0.0,,
2025-08-17,17,8,2025,0.0,,20000.0,Lain lain,0.0,,
2025-08-17,17,8,2025,0.0,,60000.0,Lain lain,0.0,,
2025-08-17,17,8,2025,0.0,,120000.0,Makan,0.0,,
2025-08-17,17,8,2025,0.0,,140000.0,Makan,0.0,,
2025-08-17,17,8,2025,0.0,,150000.0,Bensin,0.0,,
2025-08-17,17,8,2025,0.0,,420000.0,Makan,0.0,,
2025-08-18,18,8,2025,0.0,,20000.0,Lain lain,0.0,,
2025-08-18,18,8,2025,0.0,,40000.0,Lain lain,0.0,,
2025-08-18,18,8,2025,0.0,,170000.0,Makan,0.0,,
2025-08-18,18,8,2025,0.0,,290000.0,Makan,0.0,,
2025-08-19,19,8,2025,0.0,,10000.0,Lain lain,0.0,,
2025-08-19,19,8,2025,0.0,,20000.0,Lain lain,0.0,,
2025-08-19,19,8,2025,0.0,,20000.0,Lain lain,0.0,,
2025-08-19,19,8,2025,0.0,,70000.0,Makan,0.0,,
2025-08-19,19,8,2025,0.0,,140000.0,Makan,0.0,,
2025-08-19,19,8,2025,0.0,,140000.0,Jajan,0.0,,
2025-08-19,19,8,2025,0.0,,580000.0,Lain lain,0.0,,
2025-08-20,20,8,2025,0.0,,80000.0,Makan,0.0,,
2025-08-20,20,8,2025,0.0,,100000.0,Makan,0.0,,
2025-08-20,20,8,2025,0.0,,250000.0,selvi minjem,0.0,,
2025-08-21,21,8,2025,0.0,,100000.0,Makan,0.0,,
2025-08-21,21,8,2025,0.0,,120000.0,Makan,0.0,,
2025-08-21,21,8,2025,0.0,,150000.0,Bensin,0.0,,
2025-08-22,22,8,2025,0.0,,100000.0,Makan,0.0,,
2025-08-22,22,8,2025,0.0,,120000.0,Lain lain,0.0,,
2025-08-22,22,8,2025,0.0,,150000.0,Makan,0.0,,
2025-08-23,23,8,2025,0.0,,100000.0,Makan,0.0,,
2025-08-23,23,8,2025,0.0,,160000.0,Makan,0.0,,
2025-08-24,24,8,2025,0.0,,140000.0,Makan,0.0,,
2025-08-24,24,8,2025,0.0,,200000.0,Galon,0.0,,
2025-08-24,24,8,2025,0.0,,500000.0,Lain lain,0.0,,
2025-08-24,24,8,2025,2770000.0,,110000.0,Makan,0.0,,
2025-08-25,25,8,2025,0.0,,100000.0,Makan,0.0,,
2025-08-25,25,8,2025,0.0,,110000.0,Makan,0.0,,
2025-08-25,25,8,2025,0.0,,130000.0,Lain lain,0.0,,
2025-08-25,25,8,2025,0.0,,240000.0,Makan,0.0,,
2025-08-26,26,8,2025,0.0,,64000.0,Makan,0.0,,
2025-08-26,26,8,2025,0.0,,95000.0,Makan,0.0,,
2025-08-26,26,8,2025,0.0,,130000.0,Makan,0.0,,
2025-08-26,26,8,2025,0.0,,300000.0,Lain lain,0.0,,
2025-08-27,27,8,2025,0.0,,130000.0,Makan,0.0,,
2025-08-27,27,8,2025,0.0,,140000.0,Makan,0.0,,
2025-08-27,27,8,2025,0.0,,150000.0,Bensin,0.0,,
2025-08-28,28,8,2025,0.0,,40000.0,Jajan,0.0,,
2025-08-28,28,8,2025,0.0,,130000.0,Makan,0.0,,
2025-08-28,28,8,2025,0.0,,150000.0,Lain lain,0.0,,
2025-08-28,28,8,2025,0.0,,200000.0,Lain lain,0.0,,
2025-08-28,28,8,2025,0.0,,200000.0,Bensin,0.0,,
2025-08-28,28,8,2025,0.0,,220000.0,Makan,0.0,,
2025-08-29,29,8,2025,500000.0,,180000.0,Makan,0.0,,
2025-08-29,29,8,2025,2500000.0,,108000.0,Jajan,0.0,,
2025-08-29,29,8,2025,9000000.0,,110000.0,Makan,0.0,,
2025-08-30,30,8,2025,0.0,,50000.0,Lain lain,0.0,,
2025-08-30,30,8,2025,0.0,,50000.0,Lain lain,0.0,,
2025-08-30,30,8,2025,0.0,,100000.0,Makan,0.0,,
2025-08-30,30,8,2025,0.0,,120000.0,Makan,0.0,,
2025-08-30,30,8,2025,0.0,,130000.0,Lain lain,0.0,,
2025-08-30,30,8,2025,0.0,,150000.0,Makan,0.0,,
2025-08-31,31,8,2025,0.0,,20000.0,Lain lain,0.0,,
2025-08-31,31,8,2025,0.0,,100000.0,Makan,0.0,,
2025-08-31,31,8,2025,0.0,,100000.0,Lain lain,0.0,,
2025-08-31,31,8,2025,0.0,,120000.0,Makan,0.0,,
2025-08-31,31,8,2025,0.0,,120000.0,Makan,0.0,,
2025-08-31,31,8,2025,21770000.0,,14126000.0,764400,0.0,,
2025-09-01,1,9,2025,0.0,,160000.0,Makan,0.0,,
2025-09-01,1,9,2025,0.0,,180000.0,Makan,0.0,,
2025-09-01,1,9,2025,0.0,,950000.0,Berobat,0.0,,
2025-09-01,1,9,2025,0.0,,6550000.0,Upgrade SSD,0.0,,
2025-09-02,2,9,2025,0.0,,50000.0,Jajan,0.0,,
2025-09-02,2,9,2025,0.0,,80000.0,Lain lain,0.0,,
2025-09-02,2,9,2025,0.0,,100000.0,Jajan,0.0,,
2025-09-02,2,9,2025,0.0,,120000.0,Makan,0.0,,
2025-09-02,2,9,2025,0.0,,130000.0,Makan,0.0,,
2025-09-02,2,9,2025,0.0,,140000.0,Makan,0.0,,
2025-09-02,2,9,2025,0.0,,650000.0,Lain lain,0.0,,
2025-09-03,3,9,2025,0.0,,57000.0,Makan,0.0,,
2025-09-03,3,9,2025,0.0,,70000.0,Jajan,0.0,,
2025-09-03,3,9,2025,0.0,,80000.0,Makan,0.0,,
2025-09-03,3,9,2025,0.0,,150000.0,Makan,0.0,,
2025-09-03,3,9,2025,0.0,,507000.0,,0.0,,
2025-09-04,4,9,2025,0.0,,120000.0,Makan,0.0,,
2025-09-04,4,9,2025,0.0,,120000.0,Makan,0.0,,
2025-09-04,4,9,2025,0.0,,250000.0,Bensin,0.0,,
2025-09-04,4,9,2025,0.0,,340000.0,Jajan,0.0,,
2025-09-05,5,9,2025,0.0,,78000.0,Lain lain,0.0,,
2025-09-05,5,9,2025,0.0,,100000.0,Jajan,0.0,,
2025-09-05,5,9,2025,0.0,,140000.0,Makan,0.0,,
2025-09-05,5,9,2025,0.0,,200000.0,Bensin,0.0,,
2025-09-06,6,9,2025,0.0,,84000.0,Jajan,0.0,,
2025-09-06,6,9,2025,3000000.0,,200000.0,Bensin,0.0,,
2025-09-07,7,9,2025,0.0,,10000.0,Lain lain,0.0,,
2025-09-07,7,9,2025,0.0,,115000.0,Lain lain,0.0,,
2025-09-07,7,9,2025,0.0,,140000.0,Makan,0.0,,
2025-09-07,7,9,2025,50000.0,,252000.0,Lain lain,0.0,,
2025-09-08,8,9,2025,0.0,,80000.0,Makan,0.0,,
2025-09-08,8,9,2025,0.0,,340000.0,Makan,0.0,,
2025-09-08,8,9,2025,0.0,,650000.0,Lain lain,0.0,,
2025-09-09,9,9,2025,0.0,,50000.0,Jajan,0.0,,
2025-09-09,9,9,2025,0.0,,120000.0,Makan,0.0,,
2025-09-09,9,9,2025,0.0,,200000.0,Makan,0.0,,
2025-09-09,9,9,2025,0.0,,200000.0,Galon,0.0,,
2025-09-10,10,9,2025,0.0,,130000.0,Lain lain,0.0,,
2025-09-10,10,9,2025,0.0,,130000.0,Makan,0.0,,
2025-09-10,10,9,2025,0.0,,140000.0,Lain lain,0.0,,
2025-09-10,10,9,2025,0.0,,150000.0,Makan,0.0,,
2025-09-10,10,9,2025,0.0,,240000.0,Lain lain,0.0,,
2025-09-11,11,9,2025,0.0,,200000.0,Bensin,0.0,,
2025-09-11,11,9,2025,0.0,,480000.0,Lain lain,0.0,,
2025-09-11,11,9,2025,150000.0,,120000.0,Makan,0.0,,
2025-09-11,11,9,2025,240000.0,,110000.0,Makan,0.0,,
2025-09-12,12,9,2025,0.0,,50000.0,Jajan,0.0,,
2025-09-12,12,9,2025,0.0,,130000.0,Makan,0.0,,
2025-09-12,12,9,2025,0.0,,130000.0,Jajan,0.0,,
2025-09-12,12,9,2025,0.0,,140000.0,Makan,0.0,,
2025-09-12,12,9,2025,0.0,,175000.0,Lain lain,0.0,,
2025-09-13,13,9,2025,0.0,,50000.0,Lain lain,0.0,,
2025-09-13,13,9,2025,0.0,,150000.0,Makan,0.0,,
2025-09-13,13,9,2025,0.0,,500000.0,Lain lain,0.0,,
2025-09-13,13,9,2025,2500000.0,,120000.0,Makan,0.0,,
2025-09-14,14,9,2025,0.0,,50000.0,Jajan,0.0,,
2025-09-14,14,9,2025,0.0,,80000.0,Jajan,0.0,,
2025-09-14,14,9,2025,0.0,,120000.0,Makan,0.0,,
2025-09-14,14,9,2025,0.0,,150000.0,Lain lain,0.0,,
2025-09-14,14,9,2025,0.0,,190000.0,Makan,0.0,,
2025-09-15,15,9,2025,0.0,,20000.0,Lain lain,0.0,,
2025-09-15,15,9,2025,0.0,,58000.0,Makan,0.0,,
2025-09-15,15,9,2025,0.0,,115000.0,Lain lain,0.0,,
2025-09-15,15,9,2025,0.0,,120000.0,Makan,0.0,,
2025-09-15,15,9,2025,0.0,,140000.0,Makan,0.0,,
2025-09-15,15,9,2025,0.0,,145000.0,Lain lain,0.0,,
2025-09-15,15,9,2025,0.0,,150000.0,Lain lain,0.0,,
2025-09-15,15,9,2025,0.0,,170000.0,Lain lain,0.0,,
2025-09-15,15,9,2025,0.0,,200000.0,Bensin,0.0,,
2025-09-16,16,9,2025,0.0,,50000.0,Jajan,0.0,,
2025-09-16,16,9,2025,0.0,,120000.0,Makan,0.0,,
2025-09-16,16,9,2025,0.0,,140000.0,Makan,0.0,,
2025-09-16,16,9,2025,0.0,,150000.0,Jajan,0.0,,
2025-09-16,16,9,2025,0.0,,250000.0,Bensin,0.0,,
2025-09-17,17,9,2025,0.0,,90000.0,Lain lain,0.0,,
2025-09-17,17,9,2025,0.0,,130000.0,Makan,0.0,,
2025-09-17,17,9,2025,0.0,,160000.0,Makan,0.0,,
2025-09-17,17,9,2025,0.0,,160000.0,Jajan,0.0,,
2025-09-18,18,9,2025,0.0,,90000.0,Lain lain,0.0,,
2025-09-18,18,9,2025,0.0,,130000.0,Makan,0.0,,
2025-09-18,18,9,2025,0.0,,160000.0,Makan,0.0,,
2025-09-18,18,9,2025,0.0,,250000.0,Bensin,0.0,,
2025-09-19,19,9,2025,0.0,,100000.0,Makan,0.0,,
2025-09-19,19,9,2025,0.0,,100000.0,Lain lain,0.0,,
2025-09-19,19,9,2025,0.0,,160000.0,Makan,0.0,,
2025-09-20,20,9,2025,0.0,,67000.0,Jajan,0.0,,
2025-09-20,20,9,2025,0.0,,150000.0,Jajan,0.0,,
2025-09-20,20,9,2025,0.0,,200000.0,Bensin,0.0,,
2025-09-20,20,9,2025,0.0,,695000.0,Makan,0.0,,
2025-09-21,21,9,2025,0.0,,40000.0,Lain lain,0.0,,
2025-09-21,21,9,2025,0.0,,50000.0,Jajan,0.0,,
2025-09-21,21,9,2025,0.0,,65000.0,Makan,0.0,,
2025-09-21,21,9,2025,0.0,,115000.0,Lain lain,0.0,,
2025-09-21,21,9,2025,0.0,,120000.0,Makan,0.0,,
2025-09-21,21,9,2025,0.0,,130000.0,Makan,0.0,,
2025-09-21,21,9,2025,0.0,,200000.0,Galon,0.0,,
2025-09-22,22,9,2025,0.0,,50000.0,Jajan,0.0,,
2025-09-22,22,9,2025,0.0,,60000.0,Makan,0.0,,
2025-09-22,22,9,2025,0.0,,80000.0,Makan,0.0,,
2025-09-22,22,9,2025,0.0,,120000.0,Lain lain,0.0,,
2025-09-23,23,9,2025,0.0,,200000.0,Bensin,0.0,,
2025-09-23,23,9,2025,0.0,,200000.0,Makan,0.0,,
2025-09-24,24,9,2025,0.0,,60000.0,Lain lain,0.0,,
2025-09-24,24,9,2025,0.0,,120000.0,Makan,0.0,,
2025-09-24,24,9,2025,0.0,,140000.0,Makan,0.0,,
2025-09-25,25,9,2025,0.0,,50000.0,Lain lain,0.0,,
2025-09-25,25,9,2025,0.0,,50000.0,Jajan,0.0,,
2025-09-25,25,9,2025,0.0,,115000.0,Makan,0.0,,
2025-09-25,25,9,2025,0.0,,170000.0,Makan,0.0,,
2025-09-25,25,9,2025,0.0,,215000.0,Lain lain,0.0,,
2025-09-26,26,9,2025,0.0,,120000.0,Makan,0.0,,
2025-09-26,26,9,2025,0.0,,140000.0,Makan,0.0,,
2025-09-27,27,9,2025,0.0,,60000.0,Lain lain,0.0,,
2025-09-27,27,9,2025,0.0,,67000.0,Lain lain,0.0,,
2025-09-27,27,9,2025,0.0,,180000.0,Makan,0.0,,
2025-09-27,27,9,2025,0.0,,200000.0,Bensin,0.0,,
2025-09-27,27,9,2025,0.0,,213000.0,Makan,0.0,,
2025-09-27,27,9,2025,0.0,,930000.0,Lain lain,0.0,,
2025-09-28,28,9,2025,0.0,,100000.0,Makan,0.0,,
2025-09-28,28,9,2025,0.0,,150000.0,Bensin,0.0,,
2025-09-28,28,9,2025,0.0,,245000.0,Makan,0.0,,
2025-09-28,28,9,2025,0.0,,250000.0,Lain lain,0.0,,
2025-09-29,29,9,2025,0.0,,70000.0,Makan,0.0,,
2025-09-29,29,9,2025,0.0,,120000.0,Makan,0.0,,
2025-09-29,29,9,2025,0.0,,130000.0,Lain lain,0.0,,
2025-09-29,29,9,2025,0.0,,250000.0,Jajan,0.0,,
2025-09-30,30,9,2025,0.0,,175000.0,Lain lain,0.0,,
2025-09-30,30,9,2025,0.0,,190000.0,Lain lain,0.0,,
2025-09-30,30,9,2025,0.0,,430000.0,Makan,0.0,,
2025-09-30,30,9,2025,2500000.0,,140000.0,Makan,0.0,,
2025-09-30,30,9,2025,8440000.0,,28478000.0,-2003800,0.0,,
2025-10-01,1,10,2025,0.0,,0.0,,50000.0,mut,mut (50000)
2025-10-01,1,10,2025,0.0,,120000.0,Makan,0.0,,
2025-10-01,1,10,2025,0.0,,150000.0,Jajan,0.0,,
2025-10-01,1,10,2025,0.0,,160000.0,Makan,0.0,,
2025-10-01,1,10,2025,0.0,,200000.0,Bensin,0.0,,
2025-10-01,1,10,2025,0.0,,300000.0,Lain lain,0.0,,
2025-10-02,2,10,2025,0.0,,50000.0,Jajan,0.0,,
2025-10-02,2,10,2025,0.0,,120000.0,Makan,0.0,,
2025-10-02,2,10,2025,0.0,,120000.0,Makan,0.0,,
2025-10-02,2,10,2025,0.0,,150000.0,Lain lain,0.0,,
2025-10-02,2,10,2025,0.0,,311000.0,Lain lain,0.0,,
2025-10-03,3,10,2025,0.0,,20000.0,Lain lain,0.0,,
2025-10-03,3,10,2025,0.0,,50000.0,Jajan,0.0,,
2025-10-03,3,10,2025,0.0,,70000.0,Jajan,0.0,,
2025-10-03,3,10,2025,0.0,,110000.0,Makan,0.0,,
2025-10-03,3,10,2025,0.0,,120000.0,Bensin,0.0,,
2025-10-03,3,10,2025,0.0,,140000.0,Makan,0.0,,
2025-10-03,3,10,2025,0.0,,160000.0,Makan,0.0,,
2025-10-04,4,10,2025,0.0,,45000.0,Jajan,0.0,,
2025-10-04,4,10,2025,0.0,,70000.0,Jajan,0.0,,
2025-10-04,4,10,2025,0.0,,160000.0,Makan,0.0,,
2025-10-04,4,10,2025,0.0,,176000.0,Jajan,0.0,,
2025-10-04,4,10,2025,0.0,,180000.0,Makan,0.0,,
2025-10-04,4,10,2025,0.0,,200000.0,Galon,0.0,,
2025-10-05,5,10,2025,0.0,,20000.0,Lain lain,0.0,,
2025-10-05,5,10,2025,0.0,,30000.0,Jajan,0.0,,
2025-10-05,5,10,2025,0.0,,100000.0,Makan,0.0,,
2025-10-05,5,10,2025,0.0,,160000.0,Makan,0.0,,
2025-10-05,5,10,2025,0.0,,200000.0,Bensin,0.0,,
2025-10-06,6,10,2025,0.0,,190000.0,Makan,0.0,,
2025-10-06,6,10,2025,0.0,,429000.0,Jajan,0.0,,
2025-10-06,6,10,2025,2500000.0,,120000.0,Makan,0.0,,
2025-10-07,7,10,2025,0.0,,35000.0,Lain lain,0.0,,
2025-10-07,7,10,2025,0.0,,50000.0,Makan,0.0,,
2025-10-07,7,10,2025,0.0,,120000.0,Makan,0.0,,
2025-10-07,7,10,2025,0.0,,200000.0,Makan,0.0,,
2025-10-08,8,10,2025,0.0,,20000.0,Lain lain,0.0,,
2025-10-08,8,10,2025,0.0,,43000.0,Makan,0.0,,
2025-10-08,8,10,2025,0.0,,110000.0,Makan,0.0,,
2025-10-08,8,10,2025,0.0,,120000.0,Makan,0.0,,
2025-10-08,8,10,2025,0.0,,150000.0,Lain lain,0.0,,
2025-10-08,8,10,2025,0.0,,300000.0,Jajan,0.0,,
2025-10-09,9,10,2025,0.0,,120000.0,Makan,0.0,,
2025-10-09,9,10,2025,0.0,,120000.0,Bensin,0.0,,
2025-10-09,9,10,2025,0.0,,190000.0,Jajan,0.0,,
2025-10-09,9,10,2025,0.0,,210000.0,Makan,0.0,,
2025-10-10,10,10,2025,0.0,,30000.0,Lain lain,0.0,,
2025-10-10,10,10,2025,0.0,,50000.0,Jajan,0.0,,
2025-10-10,10,10,2025,0.0,,80000.0,Lain lain,0.0,,
2025-10-10,10,10,2025,0.0,,135000.0,Makan,0.0,,
2025-10-10,10,10,2025,0.0,,160000.0,Makan,0.0,,
2025-10-10,10,10,2025,2500000.0,,140000.0,Makan,0.0,,
2025-10-11,11,10,2025,0.0,,50000.0,Jajan,0.0,,
2025-10-11,11,10,2025,0.0,,110000.0,Lain lain,0.0,,
2025-10-11,11,10,2025,0.0,,120000.0,Makan,0.0,,
2025-10-11,11,10,2025,0.0,,160000.0,Makan,0.0,,
2025-10-12,12,10,2025,0.0,,45000.0,Jajan,0.0,,
2025-10-12,12,10,2025,0.0,,100000.0,Lain lain,0.0,,
2025-10-12,12,10,2025,0.0,,120000.0,Bensin,0.0,,
2025-10-12,12,10,2025,0.0,,140000.0,Makan,0.0,,
2025-10-12,12,10,2025,0.0,,240000.0,Makan,0.0,,
2025-10-13,13,10,2025,0.0,,55000.0,Jajan,0.0,,
2025-10-13,13,10,2025,0.0,,120000.0,Makan,0.0,,
2025-10-14,14,10,2025,0.0,,75000.0,Lain lain,0.0,,
2025-10-14,14,10,2025,0.0,,95000.0,Makan,0.0,,
2025-10-14,14,10,2025,0.0,,110000.0,Makan,0.0,,
2025-10-14,14,10,2025,0.0,,120000.0,Bensin,0.0,,
2025-10-14,14,10,2025,0.0,,150000.0,Makan,0.0,,
2025-10-14,14,10,2025,0.0,,240000.0,Jajan,0.0,,
2025-10-14,14,10,2025,2500000.0,,115000.0,Lain lain,0.0,,
2025-10-15,15,10,2025,0.0,,80000.0,Makan,0.0,,
2025-10-15,15,10,2025,0.0,,100000.0,Lain lain,0.0,,
2025-10-15,15,10,2025,0.0,,140000.0,Makan,0.0,,
2025-10-15,15,10,2025,0.0,,300000.0,Bensin,0.0,,
2025-10-15,15,10,2025,0.0,,300000.0,Jajan,0.0,,
2025-10-16,16,10,2025,0.0,,140000.0,Makan,0.0,,
2025-10-16,16,10,2025,0.0,,150000.0,Makan,0.0,,
2025-10-17,17,10,2025,0.0,,160000.0,Makan,0.0,,
2025-10-17,17,10,2025,0.0,,190000.0,Makan,0.0,,
2025-10-17,17,10,2025,0.0,,210000.0,Galon,0.0,,
2025-10-18,18,10,2025,0.0,,55000.0,Lain lain,0.0,,
2025-10-18,18,10,2025,0.0,,117920.0,Jajan,0.0,,
2025-10-18,18,10,2025,0.0,,250000.0,Lain lain,0.0,,
2025-10-18,18,10,2025,2500000.0,,130000.0,Makan,0.0,,
2025-10-19,19,10,2025,0.0,,160000.0,Makan,0.0,,
2025-10-20,20,10,2025,0.0,,120000.0,Makan,0.0,,
2025-10-20,20,10,2025,0.0,,140000.0,Makan,0.0,,
2025-10-21,21,10,2025,0.0,,50000.0,Lain lain,0.0,,
2025-10-21,21,10,2025,0.0,,50000.0,Jajan,0.0,,
2025-10-21,21,10,2025,0.0,,100000.0,Makan,0.0,,
2025-10-21,21,10,2025,0.0,,180000.0,Makan,0.0,,
2025-10-21,21,10,2025,0.0,,180000.0,Makan,0.0,,
2025-10-21,21,10,2025,0.0,,250000.0,Bensin,0.0,,
2025-10-21,21,10,2025,0.0,,529000.0,Lain lain,0.0,,
2025-10-21,21,10,2025,2500000.0,,2150000.0,Lain lain,0.0,,
2025-10-22,22,10,2025,0.0,,50000.0,Lain lain,0.0,,
2025-10-22,22,10,2025,0.0,,57000.0,Jajan,0.0,,
2025-10-22,22,10,2025,2500000.0,,300000.0,Lain lain,0.0,,
2025-10-23,23,10,2025,0.0,,35000.0,Lain lain,0.0,,
2025-10-23,23,10,2025,0.0,,50000.0,Jajan,0.0,,
2025-10-23,23,10,2025,0.0,,60000.0,Jajan,0.0,,
2025-10-23,23,10,2025,0.0,,100000.0,Makan,0.0,,
2025-10-23,23,10,2025,0.0,,120000.0,Makan,0.0,,
2025-10-23,23,10,2025,0.0,,130000.0,Makan,0.0,,
2025-10-23,23,10,2025,0.0,,300000.0,Lain lain,0.0,,
2025-10-24,24,10,2025,0.0,,50000.0,Jajan,0.0,,
2025-10-24,24,10,2025,0.0,,130000.0,Lain lain,0.0,,
2025-10-24,24,10,2025,0.0,,190000.0,Jajan,0.0,,
2025-10-24,24,10,2025,0.0,,630000.0,Lain lain,0.0,,
2025-10-25,25,10,2025,0.0,,120000.0,Makan,0.0,,
2025-10-25,25,10,2025,0.0,,380000.0,Makan,0.0,,
2025-10-25,25,10,2025,180000.0,,45000.0,Jajan,0.0,,
2025-10-26,26,10,2025,0.0,,195000.0,Makan,0.0,,
2025-10-26,26,10,2025,0.0,,216500.0,Jajan,0.0,,
2025-10-26,26,10,2025,500000.0,,800000.0,Lain lain,0.0,,
2025-10-26,26,10,2025,1500000.0,,230000.0,Makan,0.0,,
2025-10-27,27,10,2025,0.0,,200000.0,Makan,0.0,,
2025-10-27,27,10,2025,0.0,,250000.0,Bensin,0.0,,
2025-10-27,27,10,2025,2000000.0,,172000.0,Lain lain,0.0,,
2025-10-28,28,10,2025,0.0,,130000.0,Makan,0.0,,
2025-10-28,28,10,2025,19180000.0,,20151420.0,-97142,0.0,,
